ogle_id,P_kep,A_kep_s,e_kep,omega_kep,tp_kep,chi2_kep,chi2_circ,n,dBIC_ecc,P_circ,A_circ_s,fM_kep,M2min_kep,K1_kep,chi2nu_kep,P_p16,P_p50,P_p84,A_s_p16,A_s_p50,A_s_p84,e_p16,e_p50,e_p84,fM_p16,fM_p50,fM_p84,K1_p16,K1_p50,K1_p84,err_msg,alpha_chi2nu,baseline,has_M,D,av_d2lnl,ok,lnBF_split,p_split,lnBF_all,p_h1_all,phys,cycles,amp_steady,blind_pass,split_pass,predicts,eccentric,shortlist
OGLE-LMC-RRLYR-15158,3108.769710545164,1253.9267435560787,0.5699329181372113,2.3634407485803015,2426.0077098701317,25.94457699212451,44.02202620386973,38.0,10.802276892292449,3160.8376360783523,1085.526938795499,0.2190393236235008,0.7568393428082312,10.701922288894648,0.9265920354330184,3082.6070945702827,3109.305257203987,3129.6099392147185,1191.4684151635215,1289.1868965768315,1449.4975306352303,0.4969267218135512,0.5942395228913679,0.7395529851143553,0.1866580032951041,0.2395304406866183,0.3397268450760388,9.774589743397122,11.109796505536,14.839637953551136,,1.5002141392729693,12006.540542715338,True,56.87410158266459,6.420567014506915,True,8.437475480227288,0.5231546580436506,7.247633824348,0.2984327305257868,True,True,True,True,True,True,True,True
OGLE-LMC-RRLYR-13854,4649.370755343657,1470.756854211267,0.231642769046194,3.831486121004314,4093.339761683331,35.07502947695195,42.90139406409452,43.0,0.3039643557554399,4668.639159764741,1393.6442973819023,0.1580217919048393,0.6409966010647469,7.089401260921921,1.062879681119756,4617.070522964864,4646.024896604369,4673.882382311224,1443.5172089429905,1481.6667246008,1549.770557941736,0.1803997462277154,0.2520846912135319,0.2994951454065104,0.1489612617225559,0.1629180642178995,0.1849971272727589,6.894989793993527,7.216186196169685,7.525119144923913,,1.4161305790199181,11953.318392594116,True,98.08041876399642,5.072657471832201,True,4.799095033822983,0.0164848401064227,7.960154341185486,0.1425548505395436,True,True,True,True,True,True,False,True
OGLE-LMC-RRLYR-13083,2871.517387125718,830.7691325757669,0.462683770185503,5.6648334992548435,1070.8630941278236,5.709526555960798,19.37302329701982,22.0,7.4814118343423885,2799.2031688090296,681.1280608566054,0.0746622121241028,0.4482227678660447,7.114846416850327,0.4078233254257712,2856.2678010163067,2875.9461932046843,2889.0391950305343,800.8400178965893,844.8409189495877,908.1198800627714,0.4131147718625845,0.4869964371131211,0.5533085170783151,0.067686098513042,0.0779238965913642,0.0967579690890766,6.743645037943355,7.270520377489619,8.18920834036717,,0.6948684150702927,8754.711437073685,False,56.96427473692114,0.0,True,10.096215432278507,0.6797820635908662,,,True,True,True,False,True,True,True,True
OGLE-LMC-RRLYR-00604,2533.213726792906,862.8187028079548,0.1578938447639937,2.9234648370731726,2459.9404448722607,7.690297124943058,9.153565382873705,22.0,-4.718816648785989,2525.579856587522,849.4917452180647,0.1074725823784736,0.5312992105521819,7.519981169207219,0.5493069374959327,2518.053801421487,2531.022995426337,2548.116212395962,821.0361648012171,870.5353634194728,914.8791660010764,0.1104653529936604,0.1758229962555717,0.2544253829961929,0.0925789679365112,0.1103282684124821,0.127733088093011,7.147381584494876,7.626860873680474,8.042463499770475,,0.6568641542290292,8771.086633374824,False,61.32781741724935,0.0,True,8.128736157380441,0.5064158030496255,,,True,True,True,False,True,True,False,True
OGLE-LMC-RRLYR-02403,4997.244828491334,520.3903775998236,0.46418991055173,-0.929683436128218,2751.7694057641165,10.38044769693745,20.341377312012924,22.0,3.778844708358839,5113.425963127194,489.59091180589456,0.0060591152946607,0.1581759090584822,2.563193013014406,0.7414605497812464,4879.891692367153,4995.661656144739,5096.876644740745,495.44423822327366,534.1659808426463,572.0225070299639,0.3844405113817145,0.4942390713122628,0.6295268956589928,0.0051700748744631,0.0065833342735789,0.0084231553819936,2.3994220310876813,2.706098234898369,3.057029340175649,,1.7194052854142845,8761.541592562704,False,44.123719387638886,3.6355819154693165,True,7.91555008218166,2.6188265010011815e-11,,,True,False,True,False,False,False,False,False
OGLE-LMC-RRLYR-08275,2850.6504897252617,367.79641164225103,0.2758310436008163,2.371824955357312,2708.055407120202,16.034134527270414,24.216405647250163,37.0,0.9604352946913082,2862.0799238499276,347.9654517485729,0.0065738110300798,0.1632074464132256,2.9264008160800836,0.5938568343433487,2840.3411076627544,2852.9247757775256,2860.1761498267983,349.8933581245642,372.29785656081026,387.24102542888903,0.2348396559347427,0.2974687971005052,0.3484785407960097,0.0056726968024322,0.0067719358554684,0.0076806354850014,2.7953535250354107,2.9542860304041296,3.121257798343221,,0.9955202096223814,11943.29692731706,True,77.25750625308632,0.0,True,7.584891756211135,0.6171915863335576,,,True,True,True,False,True,True,False,True
OGLE-LMC-RRLYR-00723,1987.8011850570983,1016.7399734091912,0.2561245728643481,0.5933122687157412,1206.2188555037342,17.783244446625346,22.36475717298571,22.0,-1.6005721803562665,1985.0288978137985,954.805523308406,0.2856054581004474,0.8709680645137531,11.536055049921764,1.2702317461875248,1975.9394883074904,1989.66001038146,2002.25311378942,971.2094120283136,1031.9079200133813,1108.035029671365,0.1618164105096902,0.2783950566565402,0.382256611003681,0.2501816426985618,0.2976769175891864,0.372265010996182,10.960484769740916,11.903269407103698,12.89706718994229,,0.9137915022940546,8766.262419362367,False,48.6711396822175,0.4149808114403015,True,7.386261138657577,0.4637781897271972,,,True,True,True,False,True,True,False,True
OGLE-LMC-RRLYR-11047,4685.756415643336,1095.37319430051,0.3447327188386324,-1.266243087037087,389.19053858866494,27.042742735310515,45.904834528576785,38.0,11.586919473813497,4585.797469202279,1024.092297873809,0.0642701935281625,0.4187053692666559,5.429277021679415,0.965812240546804,4644.575892657526,4683.758077561506,4718.16703249229,1043.8957789401993,1103.492694253246,1138.555382234097,0.2768702193354637,0.3502342049869779,0.4102441739346869,0.0564165006508798,0.0659228846827364,0.0723514705885777,5.1702687397658185,5.47778792323554,5.787049633750151,,0.9006374154429935,11978.784547013347,True,76.69580708396313,0.06876354212124625,True,7.300511532557248,0.549054963250747,,,True,True,True,False,True,True,True,True
OGLE-LMC-RRLYR-04633,4918.974145189012,1525.3418001081843,0.6891635874656862,2.579730886352547,271.20839638706946,24.86490214620644,42.52404590324922,38.0,10.383971437590006,4848.679366107412,1156.495847058475,0.157483527389887,0.639907990661859,9.32991444305946,0.8880322195073729,4866.660046335932,4915.55167378321,4962.82313493519,1426.2475229578015,1601.948851092188,1861.4063786932784,0.6303276955865774,0.7089464422925519,0.8042308372375028,0.1291832159677624,0.1809640540159705,0.2932025455329203,8.315016561124617,9.967164173206733,14.006456775338858,,1.4649130331453628,12071.353163214477,True,53.81665705985091,0.606538752487495,True,6.997389148924714,0.2548746896885653,,,True,True,True,False,True,True,True,True
OGLE-LMC-RRLYR-03700,2120.4383931664024,748.9067327375092,0.2154004638249707,1.692383808672525,827.5433913085244,46.914883463549785,51.73429745254173,38.0,-2.45575833046081,2111.7016613453648,694.0338113815737,0.1003031529645508,0.5141852093802738,7.885063266689016,1.6755315522696352,2109.5522010804166,2120.133323186149,2130.441146870969,719.7523564170829,770.8098084072307,831.6003960654297,0.1717673729305388,0.276579331988396,0.382830350447861,0.0892441902754923,0.1094530306487111,0.1363695997580237,7.5405890706478145,8.326428890721987,9.048827127188272,,0.8127475034524186,12023.776324594093,True,59.31858147081647,0.0,True,6.661653536835136,0.3026372045925086,,,True,True,True,False,True,True,False,True
OGLE-LMC-RRLYR-13859,6504.554231377747,1529.2165528098217,0.2063932744155286,3.5540609119722433,4375.991524254702,32.611600507168156,39.16705216031987,38.0,-0.7197206663010576,6540.388561093682,1455.0119217156766,0.0907516628515472,0.4905676359156003,5.238309524090411,1.1647000181131484,6413.196502241475,6490.701670248793,6619.145620032249,1477.748818789107,1527.253026000299,1589.0225544976706,0.1615578157651251,0.2269992362864746,0.2901155394401363,0.081072801821327,0.090720764612253,0.1013818153808405,5.021843128308614,5.268044941874596,5.556820345511708,,1.095255508766255,12010.228299111828,True,105.17880600442214,0.0,True,5.4107370189654524,0.7589135735079398,,,True,False,True,False,True,True,False,False
OGLE-LMC-RRLYR-08101,4938.707360549338,1870.9512892682728,0.5171131896435635,2.7489277346677814,855.4932418434493,5.379869363063775,42.75448288643927,36.0,30.207575646463276,4895.0214852799645,1669.177213822899,0.2882992775193697,0.8753906534864813,9.649489829687536,0.2069180524255298,4925.733207529471,4940.571490633474,4956.794396685269,1836.6610655897312,1868.2744981991489,1910.3574153739523,0.4941786599628492,0.5177260444026184,0.5516805736869442,0.2727804024168597,0.286727491191005,0.3050360091193397,9.327062758195597,9.65518942652914,10.018352312563938,,1.6539189170051607,11978.144474874187,True,79.41623494857814,3.1081263906374375,True,5.13147056568841,0.0139847204015109,,,True,True,True,False,True,True,True,True
OGLE-LMC-RRLYR-19233,6610.74660199996,1916.1579328975888,0.2671658236259622,-0.6719249411525254,1548.4375102568342,14.304957680423046,31.943510663690837,38.0,10.363380663815022,6505.704346003754,1857.5414349080393,0.1728524668238648,0.6704658060311667,6.557647031383797,0.5108913457293945,6575.293029152739,6616.38887568422,6648.922029805144,1856.499523435642,1895.3402674950528,1936.950025507058,0.2235113473709133,0.2585349637586043,0.3023740374338685,0.1559160201692247,0.1668146752983681,0.1789003160337668,6.310399849744244,6.485683809347732,6.620733201728478,,0.7409820152758783,11964.686308521521,True,126.75322856379222,0.0,True,4.739288395555107,0.2743406719425723,,,True,False,True,False,True,True,True,False
OGLE-LMC-RRLYR-21683,1805.9778471933676,2059.5867737630556,0.95,3.581502579050826,1332.841943187016,24.773524590029368,33.376736515387634,25.0,2.165460275621861,1800.0233606590846,718.7059888171912,2.8760613333972476,3.91138433903742,79.62550438646105,1.4572661523546686,1797.5985116155234,1805.883892750467,1814.255906596993,1542.2525652999027,2038.3000542189193,2368.5235619900272,0.95,0.95,0.95,1.2273413725363644,2.7742043293987866,4.3318132090633,60.093432096910135,78.61059655035112,91.17486153474084,,1.261600344449646,10208.785432902465,False,47.325739739926206,1.0916576100943018,True,4.360425807879672,0.0068944823750656,,,False,True,True,False,False,False,False,False
OGLE-LMC-RRLYR-18547,4684.915274484116,766.5537785746571,0.5137658382635713,1.1442810909595802,4189.348787089491,31.52878759539509,42.474736933694295,38.0,3.6707770188464224,4688.555961841883,698.0848832863799,0.0220346979779902,0.2640471116062248,4.157915243227632,1.1260281284069675,4619.419050193381,4679.524596667139,4739.349254377728,729.2521435523572,791.6833601030439,877.3838354970459,0.428039663125615,0.5608329335839497,0.676448776879119,0.0192121721473673,0.0245732790241535,0.0337366550942654,3.827458777370581,4.583931817040671,5.407226123938391,,1.1450104792861366,12018.25449312618,True,58.47595590050321,0.0,True,3.8557064767325713,0.0120058063463844,,,True,True,True,False,True,True,False,True
OGLE-LMC-RRLYR-05048,1459.61662079578,706.0888426365668,0.1866572181108972,-0.3479807968435049,58.05471110713428,53.91853680070335,54.43371151171959,40.0,-6.862584197211632,1459.988791619499,685.6970374110408,0.1774120626144482,0.6793350415994049,10.735145292316938,1.797284560023445,1453.537733665431,1458.641652992144,1464.5637184739323,687.9820636584183,758.9147067300569,878.917158023282,0.1545230952281089,0.2926489587857991,0.488050214837679,0.1670795008506606,0.2199186579971419,0.3417766601504371,10.482877881719697,11.79026631074693,15.362915695701744,,1.03382968280776,12030.25318541659,True,66.28911485059592,0.0,True,3.4140628405209625,0.0004437740169703,,,True,True,True,False,False,False,False,False
OGLE-LMC-RRLYR-16301,4972.691440292147,1174.2783705496477,0.7458182617741804,-0.8510452143368684,4355.561289037707,39.9678064013364,52.50908922061499,43.0,5.0188825878914685,4988.305962988809,850.1532926382566,0.0703093138096394,0.436097361246634,7.728490722877925,1.2111456485253451,4881.103031033501,4968.347969617427,5069.963588275943,1125.243972858224,1342.8991997347234,2090.7584452031783,0.6713012020623119,0.8322954914166403,0.95,0.0617966230910869,0.1078819347506152,0.4159288126064696,7.096355893503597,10.992437819618086,29.40825263050862,,1.1959246263593202,11970.041060194,True,47.43194357027352,1.4338983920753208,True,3.4006155929703006,0.6288318393502934,,,True,True,True,False,True,True,False,True
OGLE-LMC-RRLYR-15103,3434.6614547285585,1912.105859276484,0.0807368704865993,-0.0967741353262917,1478.616306559716,31.77730225179321,32.12217999355935,32.0,-6.586594063833317,3419.9866858188407,1883.8540389212392,0.636283443331514,1.378075161097859,12.176848985182644,1.444422829626964,3379.1058441310247,3437.4444834748274,3482.6345601039206,1820.4265967261729,1945.377844156641,2139.523027736569,0.0478806015355138,0.1623614706736526,0.2949240188602576,0.5411892809289469,0.6741025258301012,0.895071486636142,11.620048582940022,12.5872646208726,13.966772074806729,,1.9909879449507688,9413.3940708295,True,69.53632128365592,3.168983474648712,True,2.3126436592392388,0.9744634626834668,,,True,True,True,False,False,False,False,False
OGLE-LMC-RRLYR-15587,3828.7813333714657,1048.7848732375985,0.4680658634713401,0.2419930496548729,2634.916685251388,30.824216031515245,40.55718726940121,38.0,2.4577989184331983,3926.32773972886,864.6271266153577,0.084493016444404,0.4745157520624101,6.757887826539969,1.1008648582684015,3791.956542806863,3848.033622549008,3904.89250956663,993.8337326327392,1072.9362148394298,1171.8871474659054,0.3573234264286524,0.4739855503550992,0.5707150614156367,0.0693967157931394,0.0887555290654017,0.1178841273779941,6.016576209809099,6.848361476900886,8.369814374030158,,1.296265209362408,9443.643943378855,True,70.39001010636139,0.9563486840766018,True,2.3055332323066935,0.0360663083130419,2.7712335855386137,0.0317998527381504,True,True,True,False,False,False,False,False
OGLE-LMC-RRLYR-02907,6205.459461329763,2093.747997467189,0.5100622585159703,0.4926291678322401,3012.381128017502,15.447024801018197,30.223564993304624,33.0,7.783525069353466,5857.386137540508,1530.0149522380382,0.2559222466745446,0.8213050613128895,8.55203403215744,0.6716097739573128,6056.912488367451,6233.290575639707,6553.031406678585,1988.0102522006905,2148.001661993715,2332.0346018150835,0.4575572963848062,0.5398996473476497,0.6083010141527416,0.2179059022565722,0.2690522077444007,0.3453222435479327,7.864352599380495,8.764077437511489,10.192668228527928,,0.5927979745147613,9474.455992727972,True,81.70115062104048,0.0,True,2.1605514579329306,0.9279162285171706,,,True,False,True,False,False,False,True,False
OGLE-LMC-RRLYR-07393,951.9347141077257,469.6831381156061,0.3700023541568943,-3.0318259359618813,178.29939159883912,29.838320647325844,33.508198748177165,32.0,-3.2615937047481367,953.3820258840608,442.62068544533895,0.1227674616623821,0.5663157607259959,11.578559009818663,1.3562873021511748,947.1576573698596,952.2681132036817,955.341365158298,431.90662253166425,483.975014719854,613.3250957815969,0.2848474525866935,0.4603597836282286,0.6836347751769983,0.0951309676315472,0.1331470605040862,0.2725524658730551,10.479405388891369,12.69810806201868,19.134782964985263,,1.0586282103325795,9473.015506475003,True,47.14670364317453,0.203941783529757,True,1.9447101530984463,0.5776334131684149,,,True,True,True,False,False,False,False,False
OGLE-LMC-RRLYR-15442,4234.153050656521,1028.7471853315574,0.3965967311982706,-0.2343170884571078,1072.28805095504,29.531630489414265,39.051009080086395,31.0,2.6514041817018352,4096.746364707724,860.3645716011858,0.0652042004241203,0.4214417649281279,5.770183129051433,1.4062681185435364,4142.964882270885,4249.5634854542495,4313.927892262719,901.3594496107592,1022.5759949546612,1115.922767173381,0.2826936503189593,0.4125389414452169,0.5564823630666776,0.0454116432942125,0.0645115500357838,0.0808239906701367,4.995464621006809,5.796968886597819,6.844353361699043,,1.8996687293077652,9442.033945273988,True,61.22712428357627,0.9406852319443999,True,1.5756527442346044,0.5559402748152136,,,True,True,True,False,False,False,False,False
OGLE-LMC-RRLYR-20570,6823.917130418717,972.9062472257172,0.1479843153971975,4.502736472347756,5773.1622294110875,32.096077799256115,37.6087953267272,38.0,-1.762454791981682,6978.722797285927,966.5955151102064,0.0212338226798816,0.260047070793881,3.142912604645863,1.1462884928305754,6720.228856272128,6815.552095387052,6913.280395366879,958.5915429134516,980.6645348553176,1008.0139203661404,0.1076949338660443,0.1735342784108601,0.2439286844344478,0.0202574352296673,0.0217842777814467,0.0239344457206716,3.0956611980633593,3.1970586393624973,3.303162948031659,,0.9865877665615713,11922.642606892176,True,112.52223552354229,0.0,True,1.3597826828264488,0.0292868807245022,,,True,False,True,False,False,False,False,False
OGLE-LMC-RRLYR-03594,3296.0704659584794,489.7667929609654,0.5169559678517971,5.207470341573831,194.24937702021185,37.094616256841945,43.96254330512684,38.0,-0.4072452711678807,3299.997818191018,462.13717842273553,0.0116106819932356,0.2037920926718242,3.7844243569130582,1.3248077234586408,3250.955374759064,3289.126764838275,3343.500297188003,467.4796617802753,524.3881889460329,634.0854358606554,0.4279540417872914,0.5968512611911017,0.7685697705405997,0.0101743937063861,0.0143300643115177,0.0251689043198005,3.578478305889216,4.215891584952029,6.3933057852342685,,1.7599932098038193,12076.813991760459,True,54.9744771303653,5.8486323032129235,True,1.2912047397952442,0.010267373152257,1.853566667598443,0.0203989857028436,True,True,True,False,False,False,False,False
OGLE-LMC-RRLYR-04194,6116.6676665382165,3799.618308265475,0.5235342772500766,-2.7686899629512833,1617.9748317096792,21.02211155336052,33.58972608967411,36.0,5.400576659401366,5866.4217173715415,3160.5345516170237,1.5742468880163003,2.499486334760069,15.895345400204471,0.8085427520523277,5997.638177942909,6108.115263773887,6232.244328975694,3467.495220351582,3868.339058460656,4911.210442848704,0.3672318935860845,0.5381495134108264,0.7098345454314303,1.2000416155226108,1.6764521112240542,3.326390900290144,13.781712726011246,16.220171684365756,23.78707392515689,,1.9609107224554836,11751.274807090274,True,49.955786238164364,5.280448823281546,True,1.24749350959096,0.3828010681430595,,,False,False,True,False,False,False,False,False
OGLE-LMC-RRLYR-13469,845.7852999088498,557.4437207612272,0.1607530767927373,1.905814436205522,356.66282235790624,32.903739584643446,34.46781491150351,38.0,-5.711096992592715,845.3429037606223,538.3468811717506,0.2599953114380249,0.8282266188136305,14.55837571701903,1.1751335565944088,844.229762251873,845.7716348137699,847.8217373815997,539.2270556974657,571.507685426943,605.9698050928369,0.121108430933819,0.2089583744383123,0.3279640985239549,0.2363374367438912,0.2809498064540775,0.3336583913975045,14.147174784101026,15.105802882649757,16.2607087271849,,1.5917739641404978,11970.559971591483,True,72.8028126777885,6.121244446049388,True,1.057131434927605,0.050964685495177,,,True,True,True,False,False,False,False,False
OGLE-LMC-RRLYR-16906,1265.8873558055775,717.510452409848,0.1144292616817267,-0.7177609385822754,567.004790276962,61.06420583201647,61.237312131884366,43.0,-7.349293931519227,1266.214481224866,712.6491039458402,0.2475011781398712,0.8068780175728072,12.438904014021652,1.8504304797580748,1256.3510881636396,1263.012865930407,1271.9090969478095,722.6130760135106,803.0353054542752,931.8662623535292,0.0978852554040432,0.32881150785413,0.6706001214273337,0.2511991271652335,0.3451124731058907,0.5471969466787855,12.863670371959484,14.537362333627213,20.139089129726,,1.240378503553885,11960.417680371638,True,42.20230724779759,10.13595690009447,True,0.9357440279769946,0.021769809063972,,,True,True,True,False,False,False,False,False
OGLE-LMC-RRLYR-02150,5069.231864164414,918.6641055508426,0.3883889661382627,2.3936430703799156,4651.071173868787,29.565551738565716,38.3685450985384,38.0,1.5278210405199104,5054.501527781225,878.191414464078,0.0323943022044347,0.310280925366589,4.287540030091978,1.0559125620916328,5012.579697900396,5072.340598947511,5140.694886037071,874.5968831340604,933.093388644862,990.944005850466,0.2991504752588267,0.4227687155944045,0.5125779774899746,0.0277938314878745,0.034031643246402,0.0402495828933582,3.9590024472578738,4.466237379729564,4.898396198478331,,1.1028633483189358,12126.22364068811,True,74.23980678062452,0.3242342365290938,True,0.8800861639735764,0.0109046000973957,,,True,True,True,False,False,False,False,False
OGLE-LMC-RRLYR-08146,6032.347937688343,959.9891917080624,0.519613155207507,2.298520790871525,5664.467924645105,20.078771289659315,29.558104283362574,27.0,2.8876592616946084,6071.364735315965,817.4199707861724,0.0261041143014577,0.2833032087419528,4.060735609426305,1.0567774362978586,5601.5393958526665,5981.674836495302,6830.36926573736,925.6855823826448,1046.3321293946096,1269.053191282729,0.4568867917901176,0.6115377561396489,0.8126303274539622,0.0236261108678139,0.0333711511690023,0.0549590225787554,3.771535804724171,4.664639272613357,6.4684400291364375,,1.29740764833972,10512.786179574801,False,42.94404925033163,1.0182734337196564,True,0.5949929208481137,0.1505801100427001,,,True,False,True,False,False,False,False,False
OGLE-LMC-RRLYR-15209,3585.8236496369227,1331.6891376718293,0.2354675486193109,-2.050385859446848,99.57456314803906,11.731365032162426,22.401454555973466,38.0,3.394917204358265,3589.63744932515,1344.065076654713,0.1972029538300577,0.716909443572375,8.330808002665488,0.4189773225772294,3569.5537111289896,3585.9589609972927,3597.3916441078222,1308.992909473902,1333.5701783170723,1356.6368133797166,0.2131796793129559,0.2496186277374575,0.2848765708057307,0.1884547379953325,0.1979021132523611,0.2090531000258659,8.198131780783157,8.360047185844078,8.561191638543171,,1.949083949617979,9399.250203779799,True,115.48850874493769,17.738847862347143,True,0.5143723671098179,0.0418563345872581,,,True,True,False,False,False,False,False,False
OGLE-LMC-RRLYR-03401,3079.1093920203266,1154.9095471787266,0.869651244153943,4.484339766659162,2424.493162643128,31.227500301149774,43.48246684019395,41.0,4.8278224056355725,3163.5013831244196,890.2288677417615,0.1744521699799728,0.6735872123113346,16.564408617541922,1.0073387193919283,3059.835250770745,3081.6580980383687,3105.3940774794387,1101.964150605475,1296.6641276436014,1526.997164429842,0.8737735777181905,0.95,0.95,0.1520481742494213,0.2461854097810905,0.3964369967040145,18.721721706279883,28.900123769979288,34.37916473543713,,1.0932771748379266,12068.649433893177,True,42.34586781057817,0.5850193349243114,True,0.3699087992015322,0.002736175262721,,,True,True,True,False,False,False,False,False
OGLE-LMC-RRLYR-05231,5785.790385244925,1804.788380292993,0.3159882183118788,1.6703453513618036,714.434820709631,24.87599034302721,46.35820233962989,42.0,14.006872760035932,5748.851602689722,1764.9445762339255,0.1885541806246093,0.7006651532375862,7.167911389093036,0.7773746982196003,5752.835357475633,5789.660600230593,5839.073644578917,1762.2287216109182,1816.829105504679,1856.7740396196575,0.2680998262415572,0.3167666874911228,0.375406800848553,0.1766917482380361,0.1910977082007198,0.2051780890590891,6.9558835375992105,7.212525244133722,7.478951617552157,,0.792715989997294,11953.049681647015,True,115.28705724373168,0.0,True,0.177175448517886,0.003667286175304,,,True,True,True,False,False,False,True,False
OGLE-LMC-RRLYR-07549,3245.16295669703,1323.2972349898182,0.4280513095367632,3.716700387088184,3098.0583341042147,27.159595277625744,29.25419852032622,32.0,-4.836868562898985,3268.010877053561,1281.3443677666758,0.2362554815113646,0.7873532983266539,9.836877952452651,1.2345270580738974,3193.585452107086,3249.103053683678,3289.9504919742503,1276.9073121179092,1394.4688356354095,1611.3326156993955,0.3080252380844016,0.4849511551105009,0.6697545203539118,0.2083035944636991,0.2825358422685347,0.4409740916782964,9.28369432963539,10.436417780780566,14.628538716481202,,1.617609545031522,9457.184680343833,True,49.15234919141088,1.5670334281497276,True,0.1656079362611784,0.2886509665528533,,,True,True,True,False,False,False,False,False
OGLE-LMC-RRLYR-14810,3868.6264424898513,1059.4445912268072,0.6025089265661587,1.4581001161808034,2449.616269305792,21.25318429320467,39.35836593561484,37.0,10.883345817121722,3919.849369093654,880.7350135422939,0.0853107678196227,0.4766413888705274,7.4807365820886496,0.7871549738223952,3836.4196809047503,3868.199470082742,3902.146661043862,1000.8195330890992,1096.2969217343868,1238.2150855022426,0.494861120579505,0.614823996999379,0.7599514721547,0.0725161983771564,0.0945197054725065,0.1354710631176702,6.691484733270637,7.653425783370389,10.60608863039081,,1.4114493903309873,12023.232761611875,True,58.058197568994615,5.297252681681073,True,-0.0808277951353986,0.0067895981148806,,,True,True,True,False,False,False,True,False
OGLE-LMC-RRLYR-16352,5340.413815232359,2466.0427079922033,0.6633313562266296,1.259396479791547,2368.747725720865,9.902203828140872,27.91185060578007,27.0,11.417973045630546,5231.120780258906,2091.545910572036,0.5645919188891358,1.282149693267411,13.453082008851895,0.5211686225337302,5262.689802429429,5332.494931355011,5393.031357811326,2343.5072886073785,2474.847869317434,2642.433266671738,0.6098282723511165,0.6689653173724313,0.7517167323133989,0.4756422690033747,0.5697175021492953,0.6963882668166046,12.132056703520975,13.833802649695016,15.96589619177149,,0.6964975194140212,10520.751621394347,False,55.36930693826457,0.0,True,-0.3571309263356177,4.636803504092739e-05,,,True,False,True,False,False,False,True,False
OGLE-LMC-RRLYR-01548,2632.3706727843155,946.5150283994874,0.1031602016463477,5.256517301599835,1471.7371175214157,16.878993590419267,19.471723603759497,22.0,-3.5893548933764094,2647.343894964194,909.8393614105936,0.1313926744576854,0.5852871712056892,7.881167723817573,1.205642399315662,2609.276208755424,2626.809599835227,2651.3954249061235,913.6439475791188,950.9593181902712,985.9885159298104,0.0849533536611516,0.1341991169804927,0.1742088587137971,0.1192392020326101,0.1318987169876739,0.1475011441558648,7.608551253555384,7.928456258219931,8.238505168892704,,1.309120745552764,8835.388285079003,False,79.5674557523158,0.9985458796925855,True,-1.0016305524679154,0.000126546052006,-10.384971158494068,5.434464194531569e-08,True,True,True,False,False,False,False,False
OGLE-LMC-RRLYR-13392,2798.725652767376,437.25358270216617,0.1865719496153028,3.1276323572966684,1707.8470483685423,46.20377870663703,50.43109430035467,38.0,-3.04785672573513,2798.118758602047,409.8738988773759,0.0114594077057807,0.2027357681977532,3.4669954036204373,1.6501349538084653,2782.0371605209407,2799.0987596312643,2812.899228574978,415.5407099684737,450.4846424445725,483.4766965593888,0.1574332785485323,0.2319794709533229,0.3124281121645373,0.0099072734609999,0.0125045860085628,0.0155336067047572,3.313108208220154,3.609248946994787,3.901855513433457,,1.7323605850264203,11981.920538412693,True,77.23148364645402,13.27638700152562,True,-1.2199283242756709,0.0001652356794844,0.9352785008262288,0.0012247868712249,True,True,True,False,False,False,False,False
OGLE-LMC-RRLYR-17818,3035.2617841002416,1445.4450661162446,0.941961383961261,3.0848495065740043,1198.4114323170709,34.563067383671374,45.77432810938093,43.0,3.6888604943224266,3079.8632632610547,463.4097989706264,0.3519615029862117,0.9764831996545535,30.925266235424903,1.047365678293072,3019.0538604236776,3033.117416815896,3041.546735956043,910.0140223323692,1512.9392362565825,1649.518505598651,0.8471720242910692,0.95,0.95,0.0878309759286269,0.4074185636730086,0.5262343536895377,11.674730904425155,34.79977685503084,38.072518808001774,,1.304722076048538,11983.840561276756,True,56.27347581649076,6.472611366602109,True,-1.395935501387445,0.0052625571038716,,,False,True,True,False,False,False,False,False
OGLE-LMC-RRLYR-16187,2086.289333934114,753.3631256910568,0.2186410413578067,6.112846310463117,559.7770527292571,34.775279020758965,38.16027689411901,38.0,-3.890174446092729,2084.754170089973,727.4049838692724,0.1054743118712436,0.5265780090738793,8.067768953558833,1.2419742507413916,2075.4342942149624,2088.8702512615228,2097.8115705405253,714.3679993092979,771.4776054350748,827.2769529182833,0.144007892565577,0.2546055869582343,0.3767116038931413,0.0887891891882323,0.1128447423610838,0.1396407174709527,7.57434051730818,8.31890910734911,9.327477007875297,,0.8716196516040652,12015.509031636586,True,68.03702754757052,0.03916593833588422,True,-2.0303175712713255,1.3825129068098452e-05,0.9518275158176834,0.0001200071635955,True,True,True,False,False,False,False,False
OGLE-LMC-RRLYR-08601,2193.5463792550418,580.18500571442,0.2454640057615972,4.705181606294756,1553.6704953026526,38.65784568198124,44.52743579343206,38.0,-1.4055822080019595,2191.2020844975686,585.5536027277582,0.0435801336452155,0.3524929167718892,5.948410570563303,1.3806373457850445,2183.2871479339815,2195.686202254551,2209.2659618080756,566.6652737069008,593.6968162947588,637.6076913545703,0.1818337724901627,0.296227070874646,0.423023982435001,0.0402467906074503,0.0469518332087624,0.0575792146171938,5.783954918987356,6.197050887880067,6.877113918091765,,1.4997753545434318,12035.841525935573,True,64.67306258134391,1.2767165566444305,True,-2.399847658843875,0.0004210681972044,2.254895203124605,0.0126962465059245,True,True,True,False,False,False,False,False
OGLE-LMC-RRLYR-02845,2988.093761446574,1257.273973863389,0.564161356184796,0.3810268961533603,45.22713892926183,35.56166293335076,38.94492576677701,35.0,-3.727433289552579,3009.805916694892,1071.6685536400762,0.2389923685339851,0.7921333302680598,11.110123593904644,1.4224665173340303,2957.6613893474314,2992.240235025264,3029.804654764361,1147.7228514964768,1319.5073147797002,1788.4048977889088,0.4410834854486241,0.6032615814570821,0.8342572850078966,0.1803183810928903,0.2741327670731709,0.6861667985806947,9.34267978887037,11.959714405566755,23.538096284225972,,1.2186474059183545,12122.996453859485,True,52.802593701311025,0.0,True,-3.5280510619319685,0.0021445004380284,,,True,True,True,False,False,False,False,False
OGLE-LMC-RRLYR-16750,2002.2358065086685,472.56521310450535,0.1662917024190008,3.6946693210725408,1431.4928988316626,30.81948600691175,32.25347454388019,35.0,-5.676707586010394,2006.519211626851,461.99393814376265,0.0282642520456943,0.2929030205998338,5.2182237732408785,1.23277944027647,1990.065314450728,2001.519411382982,2013.396811325572,452.5822731608638,479.7314113294653,523.0716457483927,0.0894071639906396,0.2346720475804412,0.3701643084971229,0.0246546054728844,0.0296519744674209,0.0384666368383616,5.082959770783565,5.42979833780805,5.979196985300271,,1.0794993847683412,11963.300853542658,True,54.58768694870662,0.8649819032539483,True,-4.5170665539966635,4.2209616341040896e-05,-3.983350505043404,7.18624996920586e-05,True,True,True,False,False,False,False,False
OGLE-LMC-RRLYR-06475,936.7566122613554,339.4477751814739,0.2243748835760055,0.9818555393810012,181.86985786375843,35.736892771982205,39.5788439054553,38.0,-3.4332211859796757,936.9407815300196,339.208367153995,0.0478572857012409,0.3672195788449953,8.106808048664455,1.2763175989993645,934.22746204613,936.3466137846596,938.8097181032376,324.65323393754755,348.62493784505534,371.30075580203606,0.1473183987631957,0.2609679486458017,0.3982030933865626,0.0420131057820483,0.052006106960788,0.0628838140662007,7.852298279238228,8.477438963946145,9.065133979803283,,1.7568173098129671,11982.194485982645,True,75.94069046007513,12.391061094547354,True,-5.318678751333763,0.0001150350112035,,,True,True,True,False,False,False,False,False
OGLE-LMC-RRLYR-11166,11773.583701880669,2150.3486867967604,0.7377549039078973,-2.556236857823431,10301.284707917976,26.911246453294428,30.23185413261208,36.0,-3.846430197594571,15449.123278713763,1248.7871348226429,0.0770179599853212,0.4546547218999507,5.898466156471361,1.0350479405113242,11011.31352470538,11487.304871977109,14183.495811892368,1847.9423215796016,2824.016146249313,4108.513127450443,0.6256148157755227,0.8410413980361646,0.95,0.0475744336510192,0.1635444212685327,0.4470481130819674,5.781618957571145,10.247582304398636,20.159568665654437,,2.7185315775145553,11985.788455730522,True,30.90087112362977,10.079956874159933,True,-6.3824607607207255,6.138046587605902e-06,-8.627971881830291,8.239806449941243e-07,True,False,False,False,False,False,False,False
OGLE-LMC-RRLYR-12371,1546.5943282106764,881.773550903717,0.5247266325024517,4.487037361085263,1381.2313075537652,39.13236446473003,43.600747932826486,38.0,-2.806788851356316,1545.8131445386243,785.2067544225072,0.3077521357700852,0.9069504231563532,14.601576597101715,1.3975844451689297,1534.304766062055,1547.3097884266972,1558.5319079194107,861.8087349115589,1073.827070713882,1371.9569611393915,0.4163745059394024,0.6943535590487299,0.95,0.2879379812063462,0.5626600538615549,1.1377622435121066,13.244843776677229,20.96413058734067,58.82875165498696,,1.2662495552124693,11926.507456193405,True,41.70499174923327,0.9243183058725322,True,-6.699162704606405,1.8363921368148525e-07,,,True,True,True,False,False,False,False,False
OGLE-LMC-RRLYR-22581,5347.593685879324,1934.695962456076,0.1957303198255108,0.7325915883573507,2904.819603521325,32.44911321269976,34.09984785905579,37.0,-5.571101178932409,5335.055184518003,1856.440477554867,0.2718967838874835,0.8482510859113281,8.043103977595885,1.2018190078777689,5247.360710893286,5339.969824795151,5449.598233831647,1851.394670471297,1993.456448239578,2118.5504682023934,0.1102914613047906,0.2491926054481944,0.3958828947191134,0.2381546328018617,0.2959101019246025,0.3710642663697182,7.747933872744249,8.354230927926167,9.352113189973904,,1.6223866474543556,12024.23484760987,True,63.019956770383004,5.786158489586853,True,-6.862520347440562,0.0005263059367674,,,True,True,True,False,False,False,False,False
OGLE-LMC-RRLYR-09642,1940.282713604665,794.5414426996874,0.3251872128181876,6.077991528760679,1136.5536167628627,21.115078908395983,28.951657097633163,38.0,0.5614058697844087,1940.515568751072,762.29295167285,0.1430547666213385,0.6101755691112843,9.440784816649307,0.7541099610141423,1933.280990552649,1939.8288473567209,1946.676203857072,762.8600173455806,813.9264853687965,853.1791586380855,0.2871416750198731,0.3408179279407338,0.4165613112906742,0.1275398804030436,0.1543571390600914,0.1783104209236397,9.037245069739706,9.818477185148677,10.42174042356653,,0.7224260394810174,12026.281877938036,True,74.40710766249765,0.0,True,-6.977487223715272,2.224068508314295e-07,-9.571070031616388,2.4209087800955063e-08,True,True,True,False,False,False,False,False
OGLE-LMC-RRLYR-17784,6148.780907523196,1282.3764931834671,0.3826119197225636,6.232215929635136,6119.68344107945,15.857639888423815,27.823540798694346,27.0,5.374227178261862,6357.005457072471,1117.7614575728185,0.0598895854036369,0.4056235342569798,4.921348159319779,0.8346126257065167,6012.005539887195,6135.936033496661,6254.705546806173,1226.8893710901589,1308.4742119108207,1364.5615715160093,0.3291443027253665,0.3979053311134715,0.4854787068463674,0.051065287576797,0.063060148457289,0.0721305082925946,4.633237382684923,5.013096036298975,5.4618605869734855,,0.7617969316132368,10506.717656482104,False,62.0202226029422,0.0,True,-7.050610017268546,7.374466030961772e-06,,,True,False,True,False,False,False,False,False
OGLE-LMC-RRLYR-07553,3433.387740569727,1175.964723941159,0.6800669509866675,3.8829467475198474,519.6742069220894,13.76226832415372,31.971032388095548,33.0,11.215748941008869,3408.044740676802,878.4340053976575,0.1481221054441244,0.6207428843127212,10.18510297011553,0.5983594923545096,3417.965384832911,3436.8652923923796,3458.406168255204,1092.9863658922393,1208.6543225042549,1819.7386390433917,0.598121310371005,0.7102088718652579,0.8804800959840162,0.1193451557164194,0.1586486316491371,0.5422806470273971,8.715759939143938,10.706082263909206,24.650913663153325,,1.193974499973203,9414.184066757405,True,51.86325133501444,0.0,True,-7.228596868930003,1.022449970258955e-05,,,True,True,True,False,False,False,True,False
OGLE-LMC-RRLYR-17484,3007.28332045948,760.3728643397707,0.95,-0.7588622397975316,2011.38424380842,32.20753462956088,33.57364908136128,38.0,-5.909057867652365,3170.8789874454924,391.893381256975,0.0521931893845351,0.3815266903664651,17.65374239751899,1.1502690939128886,2999.94711960931,3014.206329922442,3034.4671062666007,671.714003104337,800.6562050405985,948.8635886019678,0.95,0.95,0.95,0.0364310988140465,0.0612000000015181,0.1008562795138881,15.68295300935748,18.59236728830681,21.95942843698072,,1.3436875640396797,12041.66020812688,True,44.20510784176929,1.8499406604335036,True,-8.949064241802294,1.8922187446649276e-05,,,False,True,True,False,False,False,False,False
OGLE-LMC-RRLYR-07957,2180.5298890206386,2015.2789294914571,0.2985861137469936,-0.1711398797031152,118.23818570506904,34.29353933142515,37.61483738279384,36.0,-3.8457398255435464,2182.83268764488,1846.144971012667,1.848264418424352,2.8043506318608173,21.11238961732819,1.3189822819778905,2168.500213313788,2180.1414523712388,2193.477871452997,1921.789733048164,2093.9077634814257,2510.281513452157,0.2240879328004291,0.3449021793880691,0.6227852786175396,1.6085159343302853,2.0895734727720967,3.637381670873136,19.946198512197636,22.421373556183543,33.4114739947618,,1.531426351455893,11982.097892505506,True,57.66521092061123,0.0,True,-9.50686989032978,1.5066074642846646e-06,-8.52437483499358,2.304549978901603e-06,False,True,True,False,False,False,False,False
OGLE-LMC-RRLYR-14075,3957.4460956684966,831.1466101017705,0.5127886625361451,2.888966280928824,3114.420856378854,36.53848570647724,42.318769406254695,37.0,-1.4415521255109809,4020.551599611675,731.9822375383509,0.0393627648625366,0.3372781586332212,5.333369036234283,1.353277248388046,3912.564599294355,3962.161210907606,4025.734513303487,782.9095680058525,874.5054697751281,1074.67698259375,0.4077120532264027,0.5279225060574704,0.7174537903345637,0.0332285549795726,0.0460222240060042,0.0849175533016338,4.8059932499075835,5.7620966893941326,8.127713987933127,,1.7218529290058882,11948.963409632053,True,43.9166578403881,1.250188508604225,True,-9.865958376508743,3.8052493341074685e-05,,,True,True,True,False,False,False,False,False
OGLE-LMC-RRLYR-08205,5365.25996898638,425.9226290679906,0.1376569379537837,0.7699932814290156,1885.966114990156,46.35610861075048,47.507757654427365,38.0,-6.123523275775881,5347.115145351802,415.2958018529808,0.0028819955213542,0.1195006992092309,1.747354716300099,1.655575307526803,5264.2004209644765,5337.794683364544,5452.563202722685,401.40440701331215,432.70886344005146,471.04833229744224,0.1014049946171428,0.1962123684303573,0.3445661967089727,0.0024188204732345,0.0030460049985502,0.0038588708649436,1.6730122589307046,1.8044045991155804,2.0247503841679917,,1.3019057387248953,11938.404701540892,True,71.34744637309433,1.291228046056915,True,-10.99345405299412,1.3053383713615512e-05,-7.850329464545624,0.0001836215671073,True,True,True,False,False,False,False,False
OGLE-LMC-RRLYR-03360,3061.9733445946076,622.1335729925817,0.4452799905457355,1.861453147356827,2976.0093096084797,22.634907739561807,32.62496257695343,37.0,2.768219012103174,3048.375427375057,568.4420343619014,0.0275759702554174,0.2898858426538939,4.947162211350346,0.8383299162800669,3032.258071858178,3064.3761087147705,3095.29289544192,600.6552365085203,632.8803091088419,683.9447118442821,0.3315750051811428,0.4455707748648114,0.5848810438138461,0.0249918178325674,0.0290167095799698,0.0365238474111501,4.638580383267946,5.046718444673867,5.974995698087354,,0.8585707753765331,12033.613017751784,True,60.79382434958046,0.0,True,-11.170823890995608,1.6143920153124896e-07,,,True,True,True,False,False,False,False,False
OGLE-LMC-RRLYR-11538,4832.444647842381,938.8046354792718,0.2320618580542008,3.44757169106508,3731.5299033524752,27.414880234358716,33.57352573385192,38.0,-1.1165268199595602,4904.202685769184,901.4245388770104,0.03804298603518,0.3323566032910832,4.354274359321562,0.9791028655128112,4801.726021664606,4842.5314208691325,4875.101655433451,900.5054352728921,936.0049996178076,978.9515648042106,0.1692216640798329,0.2440452426174818,0.3091380799605354,0.0333611675851226,0.0376220582561577,0.0426121652215109,4.146439246320566,4.3648690397749315,4.557757765290156,,1.0668293948166925,12032.345966580475,True,102.63891511116759,0.0,True,-11.2058862535459,2.7001796186962323e-06,-10.053387635695714,4.4467638667287265e-06,True,True,True,False,False,False,False,False
OGLE-LMC-RRLYR-15551,2749.9759408274117,778.6500429903978,0.0587089299363388,0.8352686110849494,2464.164982032934,21.81105515327383,22.46707960744906,27.0,-5.935649277833427,2762.900257906443,789.1134147137445,0.0670273185265828,0.4267326465806992,6.1837224577117,1.1479502712249383,2733.1428242567513,2756.050303338941,2775.272922457263,753.406813567577,777.6338811094699,805.0114200200711,0.0274289294902799,0.0851375969783248,0.1358780675986413,0.0600218214135138,0.0671073358284137,0.0739568854010856,6.002284761887513,6.186611087784245,6.4084688707643505,,1.6274333076231666,10510.34673000395,False,65.81687038670313,4.146538674230754,True,-12.112774178937563,6.649366813518467e-08,-35.33578269913764,2.296690815501185e-17,True,True,True,False,False,False,False,False
OGLE-LMC-RRLYR-19277,5053.057580806143,1062.7417335654725,0.2283519635653477,1.838449666344825,489.80323593843866,25.827565589829433,26.62408571499779,27.0,-5.795153606840302,5029.595157785575,1054.4281839426544,0.0504728014527313,0.3759192773414817,4.709656981237324,1.359345557359444,4904.375470537961,5058.28505483992,5206.133226598339,1008.9518450296237,1108.10950044292,1190.2928591603118,0.1490067756681667,0.2982314920694141,0.4694832282585553,0.0422445602976348,0.0572677591130437,0.0701874059973319,4.439935018636799,4.973395207874164,5.872500317042841,,1.3540468800222825,10481.43571553507,False,49.79725010370555,0.0,True,-12.95733635971976,2.007082910034449e-06,,,True,True,True,False,False,False,False,False
OGLE-LMC-RRLYR-16628,1586.9583524508998,675.8950137286531,0.0469579103025164,2.976229815112484,22.9540173842857,25.35463737753351,25.397370095064847,27.0,-6.548941014477329,1587.1864377010295,671.8201740998175,0.1316404526688832,0.5858247478266645,9.295652714374285,1.3344545988175534,1577.3770186993072,1587.343877589947,1598.3162315952509,648.129766274984,701.9992319254802,775.7708024786514,0.0662274550781413,0.1810179108649505,0.3393748362080108,0.1165986339665875,0.1485315857796964,0.1960362913948383,9.003103545718448,9.85545857495744,11.111376458636826,,1.1288024645858181,10474.870413505321,False,49.00871047551033,0.0,True,-14.04091848820454,1.693934424520926e-10,-28.42031925771522,8.060460784585575e-17,True,True,True,False,False,False,False,False
OGLE-LMC-RRLYR-15663,6320.6274246079065,498.51849164734807,0.879297287801801,0.4164982377444888,131.84568681807482,43.120757674008075,63.18388155000142,43.0,12.540723644606215,6215.049089279486,289.5930810744387,0.0033297078721265,0.1261104466194036,3.610369503152859,1.3066896264850931,6215.361735174666,6362.617559231678,6587.307447154024,380.52688141505047,644.0939606079992,814.8540583020047,0.723271097880843,0.95,0.95,0.0015491692168809,0.0069128170394394,0.0145130847916415,2.010348974987259,6.7303326875310745,9.029370401213775,,1.9146563010010258,11933.601074768138,True,40.284736123218806,9.997163172557634,True,-17.42690775014517,2.6986639411661527e-09,,,True,False,True,False,False,False,True,False
OGLE-LMC-RRLYR-23186,6602.329004956842,1269.996881899884,0.3099212166833492,0.6179129891930012,1002.060626830461,50.99857077004141,63.62965687242302,36.0,5.464048225469398,6410.681502949456,1207.5082140572038,0.0504540854067835,0.3758577869046181,4.410830770222103,1.9614834911554384,6491.459434094172,6631.011958413537,6729.180086156261,1225.8730463465297,1280.5667227553324,1346.0596536669598,0.2376571529547496,0.3163595226515795,0.4102621151032681,0.0441335457696788,0.0521624582957077,0.0610131920059765,4.152830154002106,4.484244235210665,4.8425892781200135,,0.9830785070064809,11979.60258473099,True,72.51084349506533,1.2006867301103625,True,-18.083814829518374,8.459896053783805e-09,,,True,False,True,False,False,False,False,False
OGLE-LMC-RRLYR-18711,6540.592490404771,1098.0562751934108,0.8588262745782309,2.1851791754322356,3031.2333744123516,40.55661263960823,41.618263464956144,38.0,-6.213521494104853,6301.683423242789,748.5543636978714,0.0332293855011026,0.3136577127299377,7.144930301036893,1.4484504514145795,6422.174842589613,6553.298000282294,6684.786811498176,967.7389777111404,1309.830333276151,1591.746486292725,0.748633897352503,0.95,0.95,0.0228953211891797,0.0560883519389378,0.0962683589229709,5.003246861032475,13.087709892933844,16.636402215414044,,1.8404335247597234,12008.113886124034,True,61.00812315910076,10.20430930312041,True,-21.56688660383611,2.531521329006337e-09,,,True,False,True,False,False,False,False,False
OGLE-LMC-RRLYR-19455,39551.44884200245,10258.88445984496,0.7550406435485341,1.9491310444372028,6332.886606152475,28.89985702618977,51.168057707076336,43.0,14.74580044949944,7239.799796997952,1838.0877820431515,0.7410684427456833,1.513989562384951,8.624500762371605,0.8757532432178718,18530.716856965333,28380.330102817887,468770.3746999567,5429.72748581905,8186.880166455439,61558.200363650656,0.6113030409839961,0.7076742819175161,0.95,0.4579004136945908,0.7448921632446082,1.1827951214396333,7.944539878957601,8.703812754647442,9.210201782170374,,1.4859534325921895,11963.783698912619,True,116.35903975083733,0.0,True,-22.27960885719295,2.7854323683337743e-11,,,True,False,True,False,False,False,True,False
OGLE-LMC-RRLYR-01106,4632.212297933977,1611.5949900813291,0.2646388305188591,4.916892057065308,3283.7288415000103,9.559902045996433,21.692541925197897,38.0,4.857467559748692,4674.885282379195,1549.2317731969908,0.2094466959684643,0.739478958495657,7.865397561930632,0.3414250730713011,4612.505959747901,4634.125109788904,4662.985080017252,1571.03217287931,1610.9820923231157,1638.663858955461,0.2224788020417079,0.2598707115568534,0.3041205515422485,0.19389529398795,0.2097153170887845,0.2197687648276912,7.63865150050463,7.856992999017782,8.061815713087952,,0.9576704669822685,12111.1678105308,True,117.05960812887864,0.0,True,-25.85729508317175,7.056762395206249e-15,,,True,True,True,False,False,False,False,False
OGLE-LMC-RRLYR-20817,18012.681145030754,4017.38869172728,0.632822399237467,-0.0934589297517677,1230.8008369197742,13.257333247562253,30.977793008018473,37.0,10.498623935167778,6817.009360325961,844.4776126809566,0.2145643344796308,0.7487743296197538,6.279784718551584,0.4910123425023056,11715.321155168798,20342.648493284585,470706.52693570725,2473.8069506315205,4887.319915651047,53773.20866611675,0.5711304657374583,0.7288881075676443,0.95,0.119565101761597,0.2510622290294511,0.8238677685278458,5.831750146200509,6.769653849269022,8.130322504216078,,1.0913448197272615,11996.097406458499,True,41.76957761699191,0.0,True,-26.515185938280705,2.4308005642443345e-12,,,True,False,True,False,False,False,True,False
OGLE-LMC-RRLYR-16159,5889.824580578184,2443.2689284154494,0.95,2.9517957216022697,5185.46326280072,27.62960238430735,38.93418511440695,38.0,4.029410410646818,6055.210854599605,811.3526982418231,0.4514314313221758,1.1242989048925054,28.963659470580613,0.9867715137252626,5872.791053657175,5904.904049962331,5960.879337797964,2219.0632819771154,2514.5725604567124,2760.1108368995956,0.95,0.95,0.95,0.3306918883295663,0.4866307649424506,0.642308485959326,25.95864032606915,29.665771913880995,32.566350415552876,,1.661034027148588,12024.952884642216,True,42.86002394709868,1.1227944980120128,True,-26.67660268699784,4.132644243624692e-12,,,False,True,True,False,False,False,False,False
OGLE-LMC-RRLYR-19694,7440.028516431966,1651.0717033205628,0.3656807734255063,2.8203096768581566,1718.7696933460577,12.240308173892634,43.66604886412392,38.0,24.150568370778515,7294.162265160442,1554.1130424926432,0.0873034288748031,0.4817846619622911,5.198159817303783,0.4371538633533083,7385.005524587074,7439.993162299488,7490.56431485024,1649.1301937672586,1681.7302998382238,1719.075886789312,0.3512060493298288,0.3857753702083281,0.4190502383667234,0.0875137983942642,0.0920937747617312,0.0985048844846647,5.192527336179011,5.331593101089835,5.527712946692135,,1.9913905913425136,12015.62299584767,True,126.8369608337103,3.3654608955493472,True,-27.654899915069795,5.0171346150497817e-14,,,True,False,True,False,False,False,True,False
OGLE-LMC-RRLYR-03183,4352.889887623054,1690.9618404658063,0.5934651762784915,0.8069825106756823,3329.2310609487554,34.998250455104575,41.20779949912884,42.0,-1.2657901925424682,4583.119932764633,1362.6381136624675,0.2739862429439723,0.8517369771525422,10.522593410031956,1.093695326722018,4303.7748495861515,4343.688312922564,4401.374499993656,1586.3430365361046,1802.0683434711543,2257.8885352609714,0.4835006011028538,0.6263329486193736,0.8192100413762129,0.2275123284928374,0.3369434118732923,0.6843170305518508,9.183330285855384,11.801435661477624,20.49157975956527,,1.9053549727361805,12020.170672930539,True,74.63879936555287,6.9865999709379025,True,-29.08229098521688,7.837043734369454e-14,,,True,True,True,False,False,False,False,False
OGLE-LMC-RRLYR-22903,4155.855158205369,446.3337846075045,0.4626828664026553,-2.8675502956964016,2785.2460549297825,33.83121175029762,41.76663808978325,38.0,0.6602540200328519,4274.3948915873625,357.54221759673464,0.0055276581468055,0.152717529646927,2.641166350548684,1.208257562510629,4106.083188300516,4159.58616960795,4228.310088685306,406.0951369278968,451.0181864654287,537.5908899607422,0.3768817258260964,0.4679239338558328,0.6434642725316997,0.0040678029406786,0.0056967760011168,0.0098296546505987,2.3460736228963124,2.6624203827794,3.800551709932888,,1.2303649176497693,12039.897894070755,True,64.80338520220056,0.5667161935750755,True,-29.222733117222074,1.0394675299959832e-13,,,True,True,True,False,False,False,False,False
OGLE-LMC-RRLYR-20052,7945.671931379492,5353.996160430123,0.95,3.2924166701764235,4507.711750925265,5.948718102290909,29.075947633322937,36.0,15.960191654119804,7244.249412413335,1382.7233392270257,2.610090737412359,3.6288671693185215,47.04700123781882,0.2287968500881118,7420.653127463563,8082.45575151325,8945.0649520427,5184.562318265084,5376.634017654571,5573.124323115583,0.95,0.95,0.95,2.090518704313798,2.515304502708825,3.0471219940798617,41.920121808424206,46.60146870118909,50.006501188773434,,1.0594083172826692,11945.907393386402,True,64.91670840256191,1.7253867623692258,True,-30.38050659220188,1.0858262425657488e-15,,,False,False,True,False,False,False,True,False
OGLE-LMC-RRLYR-19535,3252.017396515187,842.673074204333,0.0589774849890744,0.0322337226644422,3116.3797944859257,50.55773039616584,51.32272114560751,42.0,-6.71034848712506,3247.25641284891,843.8307648603231,0.0607511256811974,0.4082298807054653,5.659130582676564,1.5799290748801824,3233.6662548376753,3254.0364463276446,3272.0404802929816,820.8163507105642,846.2012007821927,885.7306295743349,2.554303167460975e-06,0.1019116713619122,0.1762661384780532,0.0560253156428956,0.0618263729039736,0.070081092050333,5.524216100990668,5.729972374775679,5.982634455993899,,1.0588169222542017,11992.82883054191,True,107.17837994855546,0.0,True,-31.03974460339256,3.3157245422424235e-16,-33.28409535219157,5.315296165536953e-17,True,True,True,False,False,False,False,False
OGLE-LMC-RRLYR-12847,7233.931823363409,1301.1914611428156,0.7627400315740904,4.201240847554086,2444.7168681782837,29.42509784541121,43.047295029538574,42.0,6.146857947560619,7349.295842478054,883.8890797659546,0.045201983180831,0.3581546580462779,6.063833307558671,0.9195343076691004,7040.951939776236,7247.434691369344,7410.519595658142,1184.2162744914922,1464.3561332276772,2066.1654589849536,0.5979577167412552,0.866857420831103,0.95,0.03407613566715,0.0653992039959584,0.1879264134399157,4.5062375179315906,9.482634990835578,19.43405068755576,,1.3896533697884168,11938.795957648403,True,40.979980037671226,0.0,True,-32.731895448838834,3.6325676108167454e-16,,,True,False,True,False,False,False,True,False
OGLE-LMC-RRLYR-20187,7181.082256512907,2056.7818372854636,0.17141298950462,2.0747201348169853,5328.068782016006,24.53525007509711,33.474254246210926,38.0,1.663831851661044,7305.733818386475,2008.0912961154609,0.1811621979303749,0.6865672195551895,6.338129053639217,0.8762589312534682,7031.132413211149,7179.021206082518,7350.403215454369,1998.5232832937556,2071.6131955869537,2155.986954644055,0.1381662462796435,0.178543777018894,0.2236855083683656,0.166734814880409,0.18372723281887,0.2025098617608002,6.170908294687727,6.3747640564982415,6.655626675281575,,1.0645721230158725,11934.093660748484,True,143.13915980741234,0.0,True,-32.75385276715893,4.201206857073364e-15,,,True,False,True,False,False,False,False,False
OGLE-LMC-RRLYR-17780,9267.917475407989,1906.3905169406803,0.95,-3.1290655342426557,1859.947141534882,36.34863883221448,49.847137186373544,42.0,6.0231591175923285,3961.719032057107,378.3083109859117,0.0866071982257762,0.4799934029116396,14.361977166777692,1.1358949635067024,9198.786422776371,9324.185515514164,9668.268962792812,1704.1850670620136,1931.5666522220783,2128.8515307923176,0.95,0.95,0.95,0.0555476451500025,0.0828918559223085,0.1075484897018865,12.139104912428763,14.082665064866443,15.35166450775922,,1.4032909941622267,11934.945211420012,True,51.562572654819974,2.0153121289935143,True,-34.28347926736173,1.3760067351531274e-14,-22.742787438356373,7.564149767598798e-10,False,False,True,False,False,False,True,False
OGLE-LMC-RRLYR-05820,6822.928918205674,1496.464183684804,0.0468647318008384,4.463645660371458,3950.4427241471103,33.66119658515297,34.27138380471231,40.0,-6.767571688668525,6874.258070891574,1489.7382779409606,0.0772929682129863,0.4553999166807929,4.786959515763713,1.1220398861717658,6742.488153345517,6836.291158106393,6933.184611779843,1443.758893625829,1489.8472374529051,1540.881434691203,0.0270714977062711,0.0681445403611108,0.1185089326541129,0.0700174091757313,0.0762238840497427,0.0830420851919773,4.634977686834914,4.780611834386385,4.923030020884358,,1.713472693047933,11636.157295585743,True,130.87493757646257,12.210653753162205,True,-34.956022425444296,6.818291752199354e-16,,,True,False,True,False,False,False,False,False
OGLE-LMC-RRLYR-14476,1856.2308166013268,819.7037412933443,0.0791730313356502,-1.524599521222196,1088.3360575128036,26.259321996858557,27.523379665313733,27.0,-5.327616063553485,1857.014941577551,863.9747500895088,0.1716285341742688,0.6680704136156789,9.657777833736809,1.3820695787820292,1847.2115273655752,1856.655139332781,1864.063518810072,787.6234045247546,833.6666736653225,880.3282004095344,0.0602488389219936,0.1387451908896573,0.2215394001126545,0.1512591806110774,0.1817137467263675,0.2142882140223245,9.343474897728994,9.88114385921833,10.55764142676306,,1.5053984201078163,10500.906447920377,False,60.38997159308093,0.0,True,-36.380471245531936,2.203739314757224e-17,,,True,True,True,False,False,False,False,False
OGLE-LMC-RRLYR-07631,5702.010473703996,601.3510768266678,0.5361807658493373,0.5704772730085644,210.749797815831,20.6712389374335,28.37131023904972,27.0,1.1083975696075612,6084.1151741363865,500.84804900581366,0.0071814304006989,0.1688675005440307,2.7239013335450455,1.0879599440754475,5572.102720993178,5694.572260207629,5876.271989519333,577.568695150367,631.3237552450353,721.6182518427238,0.4829434272042384,0.5840058879991609,0.6763938523802902,0.0062805288882152,0.0082586080435902,0.0127187586920735,2.5314657004832646,2.968443042699822,3.666450405951448,,0.6907590823688928,10476.422844556571,False,42.92748485019615,0.0,True,-36.99364262415201,1.2688889087032348e-17,,,True,False,True,False,False,False,False,False
OGLE-LMC-RRLYR-16755,3443.926599409277,1514.6525972723705,0.95,3.2804831833367287,1561.810117962994,41.82933412893844,50.16390969046076,43.0,0.8121753301352044,3222.880383374793,368.56180122010426,0.3145676272433277,0.9178591398218148,30.70744397218428,1.2675555796648013,3423.738769125815,3452.8264215402237,3482.9644711278324,1227.7002631434991,1437.4485172260283,1626.5424791995338,0.95,0.95,0.95,0.1649677558039216,0.2683016418076078,0.3902608911795051,24.795821364734284,29.115771215192268,33.03608932467775,,2.8880251929755976,11995.350827136373,True,35.58340918997828,52.81383077754367,True,-38.81314079435117,3.2431578471017353e-19,-44.91622243683838,6.009476358889905e-22,False,True,False,False,False,False,False,False
OGLE-LMC-RRLYR-11292,4980.401757278661,978.5896029016562,0.5664396632930835,5.094077264333903,2009.235141507722,26.032874344691784,32.42651424338212,38.0,-0.8815324207624329,4973.503021997855,815.62558059211,0.0405653973777416,0.3416936756891399,5.198061821240108,0.9297455123104208,4907.484411240127,5004.242418738271,5095.873003157451,880.080968470826,1044.563926065838,1281.4159474661503,0.4238734152646008,0.6276182987861008,0.8637359172377659,0.0300814775297097,0.0491027007871552,0.0906432028810687,4.258867507684692,5.944177439675876,10.522746074206324,,1.273434564422565,12033.060130031698,True,50.81396755236176,2.7226721468944106,True,-39.48325895918633,5.551885613142049e-22,,,True,True,True,False,False,False,False,False
OGLE-LMC-RRLYR-17610,3392.383110392677,418.6703872070344,0.2202143958378974,-1.194518349195452,2994.1806170050045,41.92565638886073,43.88528189225659,42.0,-5.51571373317087,3387.1689037196093,419.0043414018776,0.0068468315919786,0.1657857913020477,2.7583444734433695,1.3101767621518978,3350.656950707385,3392.734992151207,3431.461011668209,407.01496096215055,446.17772695037695,476.42890241069415,0.1521367839794784,0.2953706749862043,0.431655305198403,0.0063346010205771,0.0081528760385578,0.0100527175638225,2.7113014065181207,2.9936558713911743,3.351785469876728,,1.12899977836473,11917.30057396592,True,68.10696084654808,0.0,True,-40.03933950213283,6.896740414355646e-20,-33.93982455243906,6.786434286820396e-17,True,True,True,False,False,False,False,False
OGLE-LMC-RRLYR-05000,6742.819561699837,1651.1092290480842,0.2738167028870278,5.812651496256012,4225.238809019241,37.84006226158479,41.47408607179405,38.0,-3.641148509243507,6823.582938208199,1564.7880503729984,0.1062984757190456,0.52852964758769,5.550658369100878,1.3514307950565996,6580.73561390051,6713.720654433024,6855.740701283477,1642.6205344334255,1749.5991262432403,1921.930045231652,0.2114090221578613,0.3393387418436855,0.5178122512227297,0.1031544300619361,0.126436429239267,0.1692173036677793,5.466955934499979,6.007241077629204,7.041269731750233,,1.4968487331356262,12034.137576095975,True,72.86998979036187,6.211711431283817,True,-40.2475281127694,1.329720943221305e-16,,,True,False,True,False,False,False,False,False
OGLE-LMC-RRLYR-11055,4579.276039324063,1350.7209228112652,0.2003595783895401,-1.2652899044225776,2814.8958201607634,22.390639191771847,28.235721111371618,38.0,-1.4300903998530003,4603.828892356389,1285.0469440987424,0.1261786662768738,0.5738802174228647,6.563758314934453,0.799665685420423,4546.774542226397,4572.421023785542,4618.89642071433,1297.9899517152332,1358.8240478760135,1418.4488782197195,0.1538424069092244,0.2218563977662147,0.2932711415674112,0.1108838643824876,0.1281420904771566,0.1479313375671142,6.287809248741655,6.644617838900933,7.013994651134192,,20.315554842273865,11990.917118972644,True,95.30162064257274,648.905067157284,True,-43.33327626688752,9.219680897638249e-20,-27.211620721035644,1.2625490959316096e-13,True,True,False,False,False,False,False,False
OGLE-LMC-RRLYR-05152,5449.7011652224855,787.7450801883086,0.5827200074870291,0.8595386350459097,217.05261141512915,29.888263652557857,47.37674614109556,43.0,9.966082257150576,5353.8395326138725,694.2270194570835,0.0176723547172085,0.2412254960711526,3.877787557299413,0.90570495916842,5402.881590303333,5466.0010465770265,5533.505037541563,772.3672922605456,834.8017702125096,1004.2015515383484,0.4639715083484047,0.609153056761329,0.7635685446423356,0.0165426819052628,0.02099243660181,0.0355317137314319,3.5784405019044545,4.210461563115013,6.072005494693228,,1.8288489225498892,12032.96180652321,True,55.49095463563003,18.717531253010065,True,-43.41144896430842,1.1714585068874074e-19,,,True,True,False,False,False,False,True,False
OGLE-LMC-RRLYR-19810,28777.00163176027,13193.594611355513,0.95,0.1304963154364916,1582.4331231557155,13.146069077268224,44.41636153905858,37.0,24.04845663650191,6428.270574201855,1466.8596080959094,2.977700560451164,4.018817243845198,32.01121182917709,0.4868914473062304,14032.556270500188,36375.53475719718,113202.9424229223,10014.700059482935,14398.362591100124,25383.293700135255,0.95,0.95,0.95,1.3318489468781871,2.271270212227818,4.884911277055492,15.223848258151468,26.865552892098545,47.79098202319925,,1.7684979321166094,11970.743829705083,True,43.6620535928154,0.643179481325916,True,-45.12854163243874,2.3913717738050304e-19,,,False,False,True,False,False,False,True,False
OGLE-LMC-RRLYR-11180,4948.789188725464,2348.67685184109,0.3657741722096788,2.235736481457278,1797.7170117388746,15.55488386155656,19.93620120805397,22.0,-1.800767560219228,4964.750484071562,2131.5967958179417,0.5680081836737837,1.2867840242899296,11.117310427532194,1.1110631329683258,4707.041764795715,4899.112446284178,5235.826896150228,2240.1694191139927,2485.569569305703,2829.872214473433,0.2899286808836577,0.4437202551693793,0.6128439074302627,0.4892029504545234,0.6406957209901987,0.9672294136459422,10.390950271450189,12.193969097603468,15.2106176743857,,1.476269604304831,8773.506697002664,False,46.10592951900374,0.0,True,-46.82224268524609,1.4708034959157084e-23,,,True,False,True,False,False,False,False,False
OGLE-LMC-RRLYR-19791,5899.105025753235,2397.5111966746135,0.4017642995161841,4.799235488667826,1626.833161347147,17.739115766730535,19.68437535955682,23.0,-4.32572883903201,5781.888189972572,2219.350782243573,0.4251991365183045,1.0862893664533215,9.675817843942063,1.1826077177820358,5766.121091476126,5897.83017033495,6071.097759340217,2244.5081007536046,2468.6298358255626,2800.994957045331,0.2952466704057054,0.4558841991735664,0.6262335816558987,0.3513543279498874,0.4605026642035089,0.6923474059187429,8.81057237041477,10.071493348909748,12.654273153530935,,1.9539253620707036,10214.047839995366,False,45.68421687209906,1.9754028654080855,True,-51.938803615200314,1.2682623627805461e-23,,,True,False,True,False,False,False,False,False
OGLE-LMC-RRLYR-22970,5480.838216521503,2729.5607980944924,0.3494070307367668,0.5172081026128756,719.8296960773708,19.92196802940469,21.666638210427134,22.0,-4.437414725694197,4928.741788255909,2408.897666585225,0.7268872470370518,1.4958535026660416,11.58794569024542,1.4229977163860494,5154.846777380613,5498.907052238865,5967.285107296335,2522.561492355902,2874.263753714943,3243.4812636149654,0.2709373686923787,0.3871000210697909,0.5157009263766446,0.6248071218786825,0.8109421598587792,1.1549738295714267,10.800837512000475,12.24730346862258,14.093519578483336,,1.1049490352223414,8809.341615275689,False,45.62447466345013,0.15571236108439734,True,-58.39020806185819,2.5982931000491237e-25,,,True,False,True,False,False,False,False,False
OGLE-LMC-RRLYR-19899,8579.510550198864,1779.8392478577127,0.5884627078452717,-1.9289859023291689,6588.115079540567,12.69644282291165,25.99429240620604,22.0,7.115764676577754,4700.801293630922,942.070650065318,0.0822432020923561,0.4686213532894776,5.593865062927321,0.9068887730651178,6162.472029908406,7957.340752979316,29399.285106803243,1301.6378887928322,1697.6827458051932,4983.459445319492,0.5405982034671136,0.6474634746253727,0.8132222651321267,0.0593749149760735,0.0808893094473781,0.1401780837041671,5.3413685169045255,5.885271713709713,6.381077367787693,,1.9015208862940542,8764.14663153874,False,53.39998593389544,4.75567652046081,True,-59.731851929526506,2.2369826971501416e-26,,,True,False,True,False,False,False,True,False
OGLE-LMC-RRLYR-23029,2922.548239756019,980.9543875355138,0.2890383474273663,5.026601127087659,2676.1988568203324,16.42986001215659,20.632517735922907,22.0,-1.9794271829503105,2948.8518420881564,959.1863861072956,0.118660387849873,0.5570955457517095,7.643951933082248,1.1735614294397565,2889.817310123352,2920.6079336226867,2959.7679484431287,947.0467431073918,999.8121923443928,1049.1709441659862,0.2318884418419259,0.3440664333169716,0.4335402001440778,0.1063341249997046,0.124406536687419,0.1445450425925724,7.377555051069598,7.856374967537488,8.785764239730716,,1.6691010013076772,8789.574740666976,False,50.35423901827656,1.232655946575818,True,-61.284748939004146,2.2865962434612307e-28,,,True,True,True,False,False,False,False,False
OGLE-LMC-RRLYR-03688,4631.317014680522,1240.204859656484,0.4684804864560566,0.6494320934466415,2239.5273429224285,15.635090283197664,19.575412050747317,22.0,-2.2417631391669772,4736.883876158498,1127.9093750091884,0.0954891363640956,0.5024062908181508,6.608182848611343,1.1167921630855473,4558.42148844326,4635.60429265367,4696.5980673115555,1177.2919484664048,1270.7645091846434,1372.055876821585,0.3920979039971681,0.5009105294938863,0.5994119960361438,0.0800393404032325,0.1030661411380485,0.1297721559334112,6.090278960008301,6.8989196038373315,7.902397426360819,,1.4707996845105182,8796.179523744697,False,52.41218276536355,0.0,True,-61.4600900544947,3.0792291507562807e-27,,,True,False,True,False,False,False,False,False
OGLE-LMC-RRLYR-23866,4505.685369237058,1138.88247899025,0.4657379491419293,0.2326271189173245,2024.4782474087915,14.843909752898352,18.772022749066828,22.0,-2.2539719105481595,4734.302740445058,1024.2157556778468,0.0781263814387107,0.4576511699270632,6.2272965693058335,1.060279268064168,4413.958819947121,4492.116332642736,4575.418049254886,1029.149247841486,1149.7120770416043,1344.2160084572292,0.3648641760109419,0.4788954097989353,0.6372336238146988,0.056611961908599,0.079910205980018,0.1290645123471045,5.362383333116507,6.327469995781174,8.328363924542984,,1.2097493617342105,8720.116637940644,False,43.02840644087854,0.6814489932481962,True,-67.48048058337034,1.2466309389307869e-29,,,True,False,True,False,False,False,False,False
OGLE-LMC-RRLYR-11079,7407.201054437055,676.3641471640731,0.1991236843105335,-2.241544470485385,2328.9630351896244,33.926745323716716,39.60881114829365,37.0,-1.5397700007115134,7371.471265535532,649.0150431614661,0.0060550281645997,0.1581349988018444,2.0314145490308153,1.2565461231006192,7320.009321407218,7421.807942588126,7506.985008259168,650.6548672031225,683.7209698447425,701.5478276409657,0.1501017473288131,0.207116146388238,0.2889510853939366,0.0052980265544249,0.0062083931447406,0.0068617682283421,1.940629962740423,2.0482583921587,2.1535096048928932,,1.7294227866335536,12017.281164852144,True,104.35704071428427,3.7663650649170677,True,-70.05946981771149,3.375849576836322e-30,,,True,False,True,False,False,False,False,False
OGLE-LMC-RRLYR-10449,4440.44996495699,991.9701055759272,0.0808593159181935,0.2209249639107302,138.54650771662347,36.72659349539056,37.17538092619734,38.0,-6.826384888646004,4457.785350547249,989.3939671726664,0.053152597098765,0.3846163255606606,4.886330658167413,1.3116640534068058,4372.533033403281,4441.400769145332,4510.555745107569,948.0127649908368,996.554667603688,1050.0152241070084,0.0408905625016305,0.1239838366610579,0.2213616608715667,0.0462830087800604,0.053278956644116,0.0623562769394639,4.6797305844330195,4.983793548775543,5.214205452813938,,1.0746787016730979,11969.719677006713,True,93.23824852395035,0.0,True,-73.30110180239161,9.608010233812431e-33,-68.35747549680364,9.969985439551511e-31,True,True,True,False,False,False,False,False
OGLE-LMC-RRLYR-21749,5156.658191276544,3310.828344225871,0.4015280351046489,5.306510510084203,3592.2179282484394,38.313498437516536,41.96911982051191,41.0,-3.77152275041324,5126.331206867149,2900.8677177388677,1.4653993738070847,2.376591496851734,15.283835262920642,1.2359193044360173,5017.148979082236,5150.86053544137,5271.354739681214,3059.3614864715155,3439.6880856657017,4227.375178886988,0.2191295636033132,0.4612864640287581,0.7300681745137965,1.1390586824380742,1.6162037611256308,3.0469280473284748,13.542881868305363,16.352432504019873,27.403504940191212,,1.552650248325667,12119.7020523204,True,56.78508740263467,0.0,True,-73.32282390429724,1.6033822415400045e-30,,,False,True,True,False,False,False,False,False
OGLE-LMC-RRLYR-09694,6916.606809230988,2480.1064748870126,0.7663419265848072,-0.2072083843755889,4226.462728557134,30.05300471061805,34.83196752015086,42.0,-2.6963764270339254,6912.70274874085,1498.2144807421555,0.3423793010650316,0.9616473749866182,12.168478596051974,0.939156397206814,6767.007076336607,6936.518016957989,7129.24454741931,2098.0957199477243,2852.5896697371727,4913.52667047114,0.6419215461240672,0.8222185043295941,0.95,0.2014605030338313,0.5239298221802848,2.5575865681416894,8.344818624201638,15.588774647444383,48.571742273427304,,1.6314549637729299,11964.045411217356,True,62.972166683494834,18.900502536010833,True,-74.06246895229467,1.0641651512985587e-34,,,True,False,False,False,False,False,False,False
OGLE-LMC-RRLYR-07361,5450.70490583096,1048.562172052783,0.3008447061724066,2.8398414027387733,4065.1489995957368,31.82654340881446,34.432727887697254,41.0,-4.820959654525836,5479.238589952975,949.2063547063832,0.0416638995398827,0.3456719642954711,4.397732328926869,1.026662690606918,5385.4797700357185,5446.525297774717,5526.670379767947,981.3068859710914,1084.145794682087,1269.3378342026735,0.1880381801108739,0.3530472487950109,0.5294186223237501,0.0337386493355498,0.0460171916429372,0.0750400993908274,3.967437658192416,4.623719348287391,5.975860811155911,,1.561023846198217,11942.883299613783,True,63.48371433724236,4.1912180996606025,True,-77.10128667638409,1.4120399428545463e-32,,,True,True,True,False,False,False,False,False
OGLE-LMC-RRLYR-05821,2822.152154450437,419.2129701137195,0.2067436802113391,2.5467392178749826,2525.679089698772,32.35885394784527,34.569583975036224,41.0,-5.21641410621767,2822.0082615004276,417.6386032746533,0.0099317546300699,0.1916088284820907,3.309991115368682,1.0438339983175893,2802.470823648953,2818.819678740175,2838.5817696328622,393.7941652390167,424.83718285381906,456.4025603042188,0.1521301865942423,0.2510658435282659,0.3471432849940035,0.008165630538108,0.0103483930789111,0.0128324820023495,3.112440343104637,3.385473852364335,3.7144743602104744,,4.897050536143294,11946.46040825097,True,68.45208087762171,112.74520643535776,True,-79.0334511857695,1.0327134013225786e-35,-50.083642907115234,2.0220869386301348e-23,True,True,False,False,False,False,False,False
OGLE-LMC-RRLYR-14877,6441.887754762173,764.4996307136971,0.109679630940082,1.0452032610333235,3764.2604438654935,27.200669914562607,27.521476542165026,27.0,-6.27086710440625,6428.003090760316,764.9627818121794,0.011560809146234,0.2034446743521273,2.603028922559251,1.4316142060296109,6234.852509894536,6410.56453601835,6676.625590030976,734.1369385953236,790.5086725871602,889.0919482850679,0.0794779722888274,0.21642809797281,0.3496563385955282,0.0099496572861761,0.0128451848287935,0.0177650565951388,2.513196029017096,2.762416677499605,3.1173640777745417,,1.7379360211368569,10515.626704388094,False,55.96195572143708,3.6033436191703743,True,-79.54761774615459,5.827020094069374e-34,,,True,False,True,False,False,False,False,False
OGLE-LMC-RRLYR-21192,5652.169709481099,471.4529211350423,0.1517641796049574,2.002534757007709,3875.104125429012,37.13008776701152,38.78518638139434,40.0,-5.722660293845053,5674.90170014493,449.84086307237135,0.0035218212098362,0.1287857347612381,1.839796881724821,1.2376695922337173,5599.1029960742635,5658.204221823448,5715.095436098361,439.22383771812935,470.3102799167291,512.563134848077,0.1026287452605711,0.1810436584366325,0.2762172076461234,0.0028407873670682,0.0034230605470983,0.0044975898205205,1.7061162683944302,1.82252068774301,2.0376394439777665,,1.069472195058579,11994.504172135934,True,84.31515921951745,0.0,True,-82.1233220439848,1.7563181591702135e-35,,,True,True,True,False,False,False,False,False
OGLE-LMC-RRLYR-09636,6973.355106827383,830.4434098550524,0.4260712275172066,0.8321878349229159,5787.095611186629,29.48248063536702,34.37500498336739,38.0,-2.3826479714524,7230.421578705007,750.5482005758663,0.01264530370395,0.2108235843566172,2.869825450445292,1.0529457369773936,6779.531815871913,6947.424323570281,7117.1046412903115,794.6631092709206,862.8794560986969,962.267002474309,0.3496697342105133,0.4872941204559139,0.6234369841153752,0.011140494723707,0.0141718417249999,0.0197820931675509,2.6882513341943906,3.0181682027605268,3.740801326849005,,1.327622514806704,12051.895554369068,True,72.4163615401913,2.493792868017863,True,-95.47981854328636,3.672429748513742e-42,,,True,False,True,False,False,False,False,False
OGLE-LMC-RRLYR-03925,12548.308114959733,2984.102640673003,0.5587509440018973,1.3601483402106516,4783.865002745809,19.33875838030505,35.87978511400464,42.0,9.065687497132856,6900.664246273389,1314.5423642425442,0.1811980924232945,0.6866361767481515,6.251513198795943,0.6043361993845328,8344.130620207578,13824.85748463762,41385.782551503435,1945.7754388444523,3380.8231853552925,7977.528951251398,0.4448404041580927,0.5936283487515055,0.7750568539585388,0.11361337949005,0.194388694472874,0.3036442397066264,5.6486341386377905,6.331130207454361,6.97167050388343,,0.6557809332668117,12063.182682614639,True,126.6089052129218,0.0,True,-102.32163368033576,3.0375363110325676e-47,,,True,False,True,False,False,False,True,False
OGLE-LMC-RRLYR-24220,4057.9013820197456,2260.0464031546776,0.4429582715118059,5.370913079755185,735.930254678107,14.92628372905768,20.780575241000335,22.0,-0.3277933947739768,4126.025200604976,2004.4564218568107,0.7527171135658689,1.5288319715811691,13.543532235286882,1.06616312350412,3929.814972683233,4054.762828416558,4183.005545996832,2168.4345282353283,2416.732896081421,3137.013154953429,0.3478062918062413,0.5428408478583037,0.741180115915237,0.6415372725801398,0.939741454912958,2.142955956448008,12.46788052443632,15.454048097867018,25.241887091545564,,1.1411374281722437,8796.43461313176,False,43.87756081520271,0.15082438709272594,True,-107.13333527283066,1.684228732793089e-48,,,True,True,True,False,False,False,False,False
OGLE-LMC-RRLYR-00402,5018.60522550334,1808.1438039407117,0.2536658914472531,3.839814778694157,1768.6862911791902,14.844355685588148,22.034087068353696,21.0,1.1006865073186989,5093.892413797549,1821.3063095501927,0.2520086987306625,0.8146202457521363,8.120433455249657,1.1418735142760117,4916.358369810025,5007.440290072469,5122.255604684973,1763.6228681255748,1823.5420307155807,1908.0023675544448,0.1869067872891298,0.2584705913739314,0.3586127018136171,0.2291152674825065,0.2584583750365375,0.3042850145478594,7.801035040830984,8.269749001831688,8.900489212805809,,1.11418560511216,8771.068749550654,False,55.11610126587763,0.6678652603475399,True,-107.19899338261374,1.453813781206655e-47,,,True,False,True,False,False,False,False,False
OGLE-LMC-RRLYR-12190,6574.185475593156,347.6493521935808,0.3140761497341949,-2.88663448110939,5564.30412457548,32.70019662983762,33.796087684466286,38.0,-6.179281264824098,6743.302669275846,332.9427089103614,0.0010438138776986,0.0824231204381581,1.2143337966959926,1.1678641653513435,6422.047329621886,6587.687689409295,6768.933063858841,309.4279776739381,359.3363513122546,406.5499098605247,0.2097738438116777,0.3762875247115134,0.5633549731285015,0.0007391711477404,0.0011327440305358,0.0017139277632699,1.074054929549271,1.279756681449026,1.6113029624585284,,1.9542732422505265,11934.82609510051,True,50.070400799584604,14.085974478057494,True,-118.90684987335068,1.7891761746081702e-52,,,True,False,False,False,False,False,False,False
OGLE-LMC-RRLYR-06998,6327.720598807441,991.4005993917036,0.5158699076211782,0.4005470626456737,1047.6429217181098,26.55415984291221,50.96299678585321,41.0,16.981692809532376,6143.080106102038,897.4869657873674,0.0261297732205468,0.2834195536865162,3.9872797439977985,0.8565858013842648,6253.816628155156,6320.385777341837,6387.435848397448,958.5386071173172,1004.5759491197488,1068.0096114095722,0.4508449827717863,0.5335621144840426,0.6117468843028646,0.0238083476760801,0.027516658086427,0.0324713374742044,3.751646216530814,4.146097858628952,4.570388885030916,,1.9248440172584267,11997.20678602734,True,79.06113297475645,16.720543640304413,True,-128.51362849417114,3.010508215144401e-58,,,True,False,False,False,False,False,True,False
OGLE-LMC-RRLYR-17732,6071.460315161932,2607.704126263444,0.5150338311751061,0.0526104056239163,4697.353851452026,33.4336182699334,42.24733169964563,38.0,1.5385411102594588,6170.171818323372,2159.288810353107,0.5165011817365034,1.2161549273718544,10.92408561627202,1.1940577953547642,5950.265232775065,6070.6283192250385,6194.661167823769,2441.0894183288788,2759.9413949771742,3181.739341032458,0.4208777455110747,0.5646966781891255,0.7221271772295644,0.4200736178199055,0.5993399955984484,0.9633226229390642,9.77179273971928,12.020845161526388,16.565248966388538,,1.8617888687165447,12019.606067111763,True,54.34018919738986,12.740656777852621,True,-130.32805950226884,6.544173072677827e-55,,,True,False,True,False,False,False,False,False
OGLE-LMC-RRLYR-16286,25892.84526824558,8836.58977748955,0.7371801410896742,2.536644900083862,8878.868172185306,22.744265279957553,42.43929864377088,22.0,13.512948457096698,5117.517580115944,1493.500048273506,1.10503804017992,1.95966874143186,11.011341453006404,1.6245903771398251,11436.141558249472,27277.921289337377,207846.6659195492,4103.713627050755,9532.889044433176,35102.06085738136,0.6304770844798302,0.7686316154875754,0.95,0.4947663262664565,0.9385464034783576,1.8095510462346345,10.002497666202968,11.139603752761872,13.17326347849646,,1.5446439318143885,8763.720240819655,False,40.05887776964519,2.4618481496104465,True,-168.2996003137747,5.005413741079398e-94,,,True,False,True,False,False,False,True,False
OGLE-LMC-RRLYR-02594,7025.479516716992,2623.3362137533295,0.1497252785048662,0.818859761696256,2548.092484468966,36.40475721408731,38.59846264463742,38.0,-5.0814668889026535,6989.6296322471835,2598.520562539171,0.3927286800780437,1.038331468041016,8.23356915309238,1.3001699005031182,6945.081939487935,7044.8057627356175,7157.678587159675,2485.490523205951,2665.3065423438547,2831.394548417832,0.1148657822822897,0.1908286038345558,0.33176890964537,0.3281996417442426,0.4134629466886623,0.4864470743059826,7.807114488576001,8.40612797005803,9.121862288690965,,1.2871280802434408,12074.745936998865,True,88.52243147577661,1.4853514080845684,True,-169.02234495641773,5.0365756463158726e-74,,,True,False,True,False,False,False,False,False
OGLE-LMC-RRLYR-17102,7071.379815371056,350.9946265776596,0.3443667511159994,0.1128097169104727,5382.275871175381,24.879464404161094,28.058759321266205,38.0,-4.095877402347661,7191.929756111589,312.24581127376865,0.0009284868830638,0.0790228492306406,1.1526402096664503,0.8885523001486106,6816.290039293442,7023.354982719064,7208.813486121534,326.5691124786686,374.4131187687526,451.42830255955414,0.2440483841736931,0.439006970698516,0.6317468887820004,0.000745541976502,0.0011709057691832,0.0020947846706392,1.039512036759903,1.3039440088318188,1.7173358623060118,,1.1533601103811866,12032.208549988625,True,67.08307807305272,0.32574197696345664,True,-170.96896218496448,7.047679208995004e-74,,,True,False,True,False,False,False,False,False
OGLE-LMC-RRLYR-14156,5250.229953364967,663.5101641801418,0.3925709543258309,-2.082000247580727,3921.17853888251,22.515819500556752,29.33157159487526,27.0,0.2240783623098465,5289.242521534242,614.3420105030075,0.0113780748891651,0.2021646799146232,2.9957091078796703,1.18504313160825,5177.157331895626,5255.777803431036,5317.320871747451,610.614104735203,666.7435169692437,732.4862753563166,0.2489130371781601,0.4018760965077255,0.5404140992328943,0.008999540725535,0.0114994264852877,0.0153748210674815,2.6996718615975346,2.989390464304037,3.576282449298396,,0.9852511677157884,10478.193205387386,False,54.11079186150937,0.0,True,-179.9407580989537,6.5933989752253595e-78,,,True,False,True,False,False,False,False,False
OGLE-LMC-RRLYR-11152,7387.760124350634,3926.26846983664,0.663748002972646,1.9198508652483472,1998.4117190669303,16.267512491707254,44.63171820459305,39.0,21.037082420626504,6844.76474791904,3089.357523861016,1.1906856072844283,2.0604296837942373,15.490941922146064,0.5609487066105949,7316.254257815045,7386.25435344178,7461.286460757508,3671.681161780063,3904.9920670637503,4441.819819069847,0.566505016169224,0.6580078769428861,0.771733266494376,0.9875789210102064,1.1713160789032298,1.694359230457149,13.291661383486414,15.125026426581869,20.475398655842053,,1.7842548165632008,11971.654887169248,True,87.85887416918035,2.5444670446869395,True,-181.53335822879927,6.0303170950644734e-77,,,False,False,True,False,False,False,True,False
OGLE-LMC-RRLYR-15244,3832.6684343288207,460.67321859080585,0.1227337389837677,4.526223970793019,3435.3345560849625,45.104097320804115,47.1146794499042,27.0,-4.581091602908572,3866.7400137968825,465.83525381057893,0.0071459355321086,0.1685444892251681,2.640428693942335,2.3738998589896902,3788.646443255419,3838.687454062517,3917.7751564972496,435.474440364136,457.90092940156944,499.00775924159893,0.074481492665329,0.17655259101523,0.2596358160201426,0.0058464641458011,0.0070027580395488,0.0091215181926483,2.4935570643443663,2.656256201992571,2.8732697704839607,,1.2461043818661546,10496.517239818784,False,59.77614095411559,0.7823286974681878,True,-184.51724908330328,1.0645276770272775e-78,,,False,True,True,False,False,False,False,False
OGLE-LMC-RRLYR-08456,5029.951959500481,1627.3682462315533,0.3573942691590324,-1.538771521916426,4398.209681100971,17.642124642825305,23.52665972793651,22.0,-0.2975498216054291,5140.764726694284,1527.1775527762388,0.182899507839044,0.6898990939353582,7.552374660857468,1.2601517602018075,4903.32381594206,5026.855421020762,5209.887392918215,1546.8396476671792,1683.7218255804855,1854.1965883708035,0.2605984668909246,0.3976341857203842,0.5578508031290278,0.1564486974338526,0.2036499926586535,0.2689474176762304,7.117682389777818,7.895668113503403,9.556220132727208,,1.5043759133269996,8782.139155173985,False,46.75523583807029,0.0,True,-186.99601501934475,8.864235269105665e-83,,,True,False,True,False,False,False,False,False
OGLE-LMC-RRLYR-09117,18135.57005573326,6503.859695289604,0.6303791465287011,2.1553782908481383,6417.132157958129,29.327633852270207,42.63155846540597,27.0,6.712250881127105,6364.876207563249,2027.492131302089,0.8981187582253204,1.7104302614361928,10.071733892958964,1.543559676435274,7612.272529911413,21607.317411289412,285819.4270886237,2875.8565186483625,8078.199549445695,48571.446769573486,0.414218223328131,0.6785977348488186,0.95,0.4522523048261763,1.0072414076607172,1.7531773190781743,8.824009307897464,10.674147200074584,11.98254788121287,,1.0789031350103815,10509.534468270118,False,42.88625603308816,0.0,True,-203.0532185189613,8.063257017523391e-88,,,True,False,True,False,False,False,True,False
OGLE-LMC-RRLYR-05014,5533.191687043445,1714.0799013168069,0.7688492862660748,-0.1780310554471897,4366.8488657658645,14.004211026711612,24.378305626497745,26.0,3.857901523743166,5298.401824297178,954.30006725264,0.1766137266112428,0.677788241693724,10.562072417651432,0.7780117237062006,5491.170263314883,5539.525807053151,5622.385341957165,1388.632594789558,1682.7401395799336,3448.732287717753,0.6286201065474099,0.7524451835354793,0.95,0.0939431200496169,0.1644299979895006,1.4449872292027357,6.991899038795662,9.91133476667234,43.61595707157513,,1.511088585118457,10248.757567323333,False,47.620041462191864,0.0,True,-210.5008693590057,2.0574212032384763e-90,,,True,False,True,False,False,False,False,False
OGLE-LMC-RRLYR-18188,6032.166875516084,2785.481519484594,0.5470847635579026,-2.9795391091203816,2542.8564155249464,20.286682929277813,24.956857872230252,27.0,-1.9214987890562227,5907.422288970668,2434.090635407829,0.637730000268543,1.379983853218689,12.02674887605499,1.0677201541725163,5889.753546498608,6016.160264177844,6133.354402293106,2638.4966654698223,2968.770758281864,3717.0014328454886,0.4270334229008555,0.5880363740086051,0.7651948544621859,0.5323675779319623,0.7754882578966263,1.5127531076731378,10.710363939095418,12.918378774300342,20.679496934380623,,1.704830172174606,10474.880867730719,False,45.183151969984664,0.0,True,-219.42229759854948,5.6961047889249116e-98,,,True,False,True,False,False,False,False,False
OGLE-LMC-RRLYR-22630,2928.097811352178,4276.884905633571,0.95,3.1041803914635056,2272.4101179897516,27.986856810682447,35.15517424289894,37.0,-0.0535183930719682,2959.4645570376997,1227.9656738617964,9.797025263158613,10.990161876875492,101.982699629711,1.036550252247498,2925.515296172379,2928.0154258525636,2931.0057667356623,4034.705654069867,4320.142414926575,4472.752789744506,0.95,0.95,0.95,8.243433294208826,10.098443412064512,11.20003717852849,96.31420619454714,103.019137930161,106.62581384369548,,1.1606150897046499,11980.96894277022,True,67.18019176855503,0.0,True,-246.22509595705063,1.4708200656586632e-106,-174.63456542316078,7.133630992646191e-76,False,True,True,False,False,False,False,False
OGLE-LMC-RRLYR-10299,6911.530273838983,1523.377647003792,0.2107227536898996,2.371855795235522,3265.2148040884936,34.56855741829382,41.55049695506478,38.0,-0.2932327826818266,6979.587599460921,1426.5975048498226,0.0794615450588888,0.4612360092591177,4.915673726535314,1.2345913363676364,6826.15968192797,6916.509052238284,7010.304607890227,1456.849031876575,1521.4572239594768,1604.7434556157148,0.1358940127993319,0.2174818284438927,0.2818490379742489,0.0690387792905284,0.0798154098234701,0.0940113793170072,4.646679664155692,4.922770548003303,5.233643569463359,,1.9594067956622834,12032.957387655802,True,101.83732515172031,4.829918072523526,True,-248.56442965275787,1.0349625786622861e-109,,,True,False,True,False,False,False,False,False
OGLE-LMC-RRLYR-16717,5764.30065367709,2339.249641309584,0.5425384201636296,0.1969125529004975,1766.2585951890048,11.326635310395591,24.105635612707715,22.0,6.596915395595488,5358.366827953641,1707.4107156413938,0.4136367943563599,1.0693333546691592,10.532257490031856,0.8090453793139709,5589.059637659668,5760.011637365962,5967.632760896467,2171.5809387655077,2343.9178393541906,2748.0093709796997,0.4505961801703982,0.5474213952510998,0.6750435645270642,0.3211120338151393,0.4100690484764442,0.6756249438717385,9.225634796878486,10.445781222968488,13.93586850093957,,1.0717229004352797,8709.163827848539,False,55.258049627603285,0.0,True,-262.00982703622043,4.9792280252576215e-112,,,True,False,True,False,False,False,True,False
OGLE-LMC-RRLYR-12473,5239.262355178611,1930.19309509725,0.4692962368866447,6.1890802677075225,210.87063530221323,21.58605950079734,32.29540005709146,26.0,4.193147480251156,5247.667341493449,1785.6814132269262,0.2812837730353461,0.86384503087086,9.095711431254948,1.1992255278220745,5138.382830471748,5247.757695110167,5363.329038166507,1801.9815935758943,1976.5422675009504,2159.948996358215,0.40546124381096,0.5036179756517405,0.6041079406378101,0.2252995595639316,0.3034143141582293,0.392416675454209,8.262464963573693,9.590743741232888,11.109703163357482,,0.9772992748688415,10153.262087006098,False,46.5682622205685,0.04181641266811198,True,-267.13400861675814,6.522650475008969e-115,,,True,False,True,False,False,False,False,False
OGLE-LMC-RRLYR-12355,7235.356052391884,663.641256961383,0.4065020937377249,2.0595305535410295,6639.5809822368155,28.973500912803715,33.80223452711829,38.0,-2.446438705138206,7435.397026890036,653.9646465679533,0.0059946387219942,0.1575286833591036,2.1886711398974916,1.0347678897429895,6979.575060977958,7184.255802600028,7560.672289051465,654.0287196980594,722.3810235059781,783.604790952621,0.2816016631908306,0.473130759942774,0.7044516059330186,0.0057172428506473,0.0075326309678941,0.0101207582056043,2.086273017999768,2.5046702633356484,3.4469798177511106,,1.308749460953048,11976.891324523334,True,56.60069603467201,0.0,True,-284.00515903027815,1.1959761295697575e-123,,,True,False,True,False,False,False,False,False
OGLE-LMC-RRLYR-11985,6242.3435459028315,1857.450610164998,0.4113105276537839,2.2747307114403887,2563.7342069458346,11.82470316768357,24.97627797609295,26.0,6.635381732366419,6113.259807652853,1743.4988624297368,0.176579055561049,0.6777210074263659,7.117082693603676,0.6569279537601983,6132.020264439259,6242.542001393966,6334.3611103257845,1809.6050439222524,1890.0577930889303,1983.500847261275,0.3551889278649047,0.4243121938585448,0.54027494207102,0.1634857840195396,0.187232903286266,0.2174021302271584,6.930522084540058,7.28301089141263,8.090667095266593,,1.5520377742056402,10469.620751680573,False,66.6737853145398,2.7829138216799834,True,-296.4293074719871,9.817268234499759e-127,,,True,False,True,False,False,False,True,False
OGLE-LMC-RRLYR-23539,5216.667476591626,953.1781169732542,0.5395558254384067,0.9339716330612085,2021.149143177414,8.454057402003512,22.2497639834663,22.0,7.613621674746156,5314.150888224389,874.704908827286,0.0341679229383354,0.3174031112614874,4.731311318870946,0.6038612430002509,5109.405136755283,5198.404988513982,5373.0814925831255,925.7837502483744,978.0116384202322,1046.9044507495375,0.4737675085731588,0.5556381386062779,0.6548799232349094,0.0315607739283745,0.0365888172042125,0.045094612311385,4.439018772372823,4.900812681447686,5.753481256268542,,0.9325401407544556,8794.017695240562,False,52.44232497223459,0.0,True,-297.3073846678799,9.757572375465652e-145,,,True,False,True,False,False,False,True,False
OGLE-LMC-RRLYR-21747,5520.838396319279,2075.646552549928,0.6008320922058692,2.789306077103042,4194.446701280105,11.87948036560994,22.696631380689173,21.0,4.728106139632388,5060.829533563191,1544.1290630095073,0.3150161620485734,0.9185744790085628,10.25379183669694,0.9138061819699954,5400.450820712017,5500.4619586749795,5587.595856571387,1808.573058988656,2120.3552327438024,2454.8935682707265,0.4542883948320636,0.610279321834422,0.7381880513352906,0.2201492034852828,0.3338052958908515,0.5368100288987863,8.438288281532358,10.424973455199476,14.522568474970209,,1.9414868701449066,8787.53044776291,False,43.74237603578993,3.624506354296571,True,-365.347388015013,5.836743836422406e-158,,,True,False,True,False,False,False,False,False
OGLE-LMC-RRLYR-23592,4578.606522442996,732.673273220174,0.5656977748895209,1.3620544092138294,2030.1025580529663,8.38490397653696,29.36553773267977,22.0,14.798548849426176,5221.282079864623,737.4687345198613,0.0201440644088659,0.2544761700535885,4.230715885951508,0.5989217126097828,4432.64943793987,4529.1511948327625,4808.008013369178,721.5743147054334,748.9785188891648,783.8041546897492,0.5460919912799784,0.615635726652687,0.6863386549945494,0.0192162217896994,0.021683176355447,0.0244827500431679,4.126515025406333,4.545866326402349,5.061520530354796,,0.4503362529387169,8775.651426849956,False,58.69592358184519,0.0,True,-367.2616643697082,1.999329411399727e-158,,,True,False,True,False,False,False,True,False
OGLE-LMC-RRLYR-22564,5415.947665715518,3131.6208390934016,0.2149812990811964,1.821735165595158,1718.510262465651,8.157684915644124,17.678849812640955,21.0,3.4321200215499914,5315.1057018943775,3078.5805711644753,1.1241941038637209,1.9823120012806603,12.90793429403958,0.6275142242803172,5303.869953607768,5432.115125375071,5748.453155404497,3034.477561176196,3158.0201997195336,3395.5966586624413,0.1685885012811722,0.2254451397394037,0.2784492394427457,1.0544193315523984,1.1547731525938236,1.3179280106751394,12.6815369225075,13.039610069809616,13.565873411034543,,1.6562987654643482,8842.187740418012,False,79.0291399539477,9.504793695863654,True,-403.5225548077368,1.4678539393327244e-176,,,True,False,True,False,False,False,False,False
OGLE-LMC-RRLYR-10447,5780.711216878696,424.80027560511706,0.3927749106071297,0.1566117479093001,824.8030932560002,29.838679293918904,34.11299045746226,38.0,-3.000861155909419,5868.7827406213255,401.11984656693625,0.0024630573238044,0.1127393734741562,1.7421077923685029,1.0656671176399608,5642.967824479624,5811.311968351998,5998.645372865705,412.4370310729321,465.9798479343113,526.7265234070536,0.3011338705938691,0.4723864232290938,0.7229039438635833,0.0022347693049598,0.0031861442918383,0.0047007351843736,1.621710984094713,1.9850201356496449,2.616412239771998,,1.2970032850437307,12067.595307491625,True,45.433243552807824,0.0,True,-406.4466096021667,2.3337678158055712e-174,,,True,True,True,False,False,False,False,False
OGLE-LMC-RRLYR-07453,5876.92089603248,1596.6187029868154,0.5915623547001355,0.0073075310277159,5242.8438079565785,7.606492907344979,26.06056140310142,27.0,11.86239476374778,5953.753466665259,1224.654559986521,0.1265280005261749,0.5746502475298124,7.346212470650971,0.4003417319655252,5805.579766649318,5870.592552123396,5965.2512629523035,1467.1395165328072,1594.2161111085331,1789.561892299815,0.5153936513780436,0.5847202900786771,0.6888154848327414,0.0952482470840409,0.1258125841299576,0.1766929576725689,6.313474979250637,7.270508217312578,8.908436970921777,,1.2311526487162752,10504.344041605744,False,57.28540005025343,0.679383015147863,True,-409.64705363899526,1.2707976092839843e-176,,,True,False,True,False,False,False,True,False
OGLE-LMC-RRLYR-19139,6926.8258905463845,1802.445824940855,0.3228800288611576,-0.1482842315007734,2644.117419020578,12.5696255139296,36.333340106031095,37.0,16.54187876681305,6957.5659243002965,1702.5971334377334,0.1310390741489841,0.5845193112722492,5.99406897119172,0.4655416857010963,6837.14358541777,6913.314080210184,6965.61186630981,1748.8500652994137,1790.6380672463465,1839.657876223545,0.2982301585667539,0.3375252777078527,0.3746924179078389,0.1208836947375009,0.1294538531796017,0.1396294718234722,5.8133977072269625,6.0122272394702545,6.201980000944065,,1.5098935461957377,12004.320155239242,True,122.03264790732476,1.7017535169663915,True,-419.5490010130941,1.8426035826765617e-181,,,True,False,True,False,False,False,True,False
OGLE-LMC-RRLYR-17022,5850.418019017882,494.6845285525216,0.2464051691590349,-2.5594364429363172,2134.1347404313924,44.29358300182058,46.99814812189651,42.0,-4.770774116490799,5787.71759330295,462.38911682614446,0.0037974659267089,0.1324787872471154,1.90208395670261,1.384174468806893,5782.6550020568875,5873.648391826048,5957.815715008978,480.68852297283064,512.112993397631,553.939813029788,0.1930567548280065,0.299662115358502,0.4356910728045641,0.0034160497109087,0.0042243574912789,0.0051964829650503,1.846761761652649,1.995974588414264,2.2305582081069693,,1.8682420090738365,12010.488189828062,True,85.53925076729638,0.0,True,-432.3810339928751,1.2523077715514858e-185,,,True,True,True,False,False,False,False,False
OGLE-LMC-RRLYR-23596,3863.7862606827657,929.7024174015386,0.3276961024810094,2.274477312663206,582.8374717454752,8.802305976093042,19.1237015847661,22.0,4.139310701956433,3817.66197105636,854.0391992184518,0.0577947502350221,0.3992136944126362,5.55246130327898,0.6287361411495029,3824.0323033293,3864.0186686572256,3909.217869309629,902.670763639704,935.4376275269352,967.966718712728,0.2634429406864154,0.3191376471551774,0.377713260369398,0.0534037284596382,0.0587381647162172,0.0650689198220651,5.322220722215907,5.586006428087082,5.870277478069367,,1.1790719256657867,8790.517970988618,False,68.48370414112784,0.0,True,-468.2554058444802,9.408260577821768e-203,,,True,True,True,False,False,False,False,False
OGLE-LMC-RRLYR-03702,6971.972936832896,1103.9722793915305,0.0218471986438464,2.374254746284627,2360.7627514143874,57.926119953025946,57.98655817541399,38.0,-7.214734097064735,6941.319636699542,1099.844942589123,0.0297197956101573,0.2991640988485302,3.452971340649683,2.068789998322355,6899.985572102571,7062.734831165215,7325.355211678394,1076.1649435805316,1142.9808284361527,1197.3300200299109,1.2836390302491054e-06,0.100326012912215,0.1661634065263488,0.0277608012428244,0.0315881620357788,0.0356274785424751,3.3798439832727674,3.5345252381692545,3.679609595448149,,1.7751023030167778,12044.908789220995,True,101.75753656770667,0.0,True,-525.3472288598228,1.2927193817629067e-229,,,False,False,True,False,False,False,False,False
OGLE-LMC-RRLYR-05817,5179.557523990175,1204.330639582106,0.408234484427554,4.212206801532237,5140.725572917895,13.221361405157202,24.272709198713045,22.0,4.869262886839209,5117.304153188831,1144.3817066496288,0.0699092403903998,0.4349664139018987,5.552998923631148,0.9443829575112288,5085.793463928983,5187.077818868567,5275.357543438543,1166.9464138878702,1222.8015466891295,1278.9992612177484,0.3373371644084693,0.4143274226413128,0.5338734876006974,0.0650556013817376,0.0731905256174433,0.0847808791527897,5.278653926475948,5.637681775114955,6.321810847413877,,1.6940390483293848,8715.37078683211,False,56.64674111155546,7.419854336961762,True,-530.4414765325472,1.711948887553129e-229,-591.0732883002524,1.0149889876027719e-255,True,False,True,False,False,False,False,False
OGLE-LMC-RRLYR-03632,4951.555962651316,881.3754458917117,0.483381898630204,5.079431643508848,3595.402612187903,9.32473928155594,20.80511763225952,22.0,5.29829344398695,4996.444019176275,808.3153931989807,0.0299834882480883,0.3002817849740842,4.432969949869264,0.6660528058254241,4884.240245804043,4963.819236522865,5030.2643186875075,849.9931288982698,887.7582757704035,928.1204427925712,0.4168030884756501,0.4998923185452278,0.5524132594834882,0.026522645782758,0.0304815316824217,0.0350065540508565,4.177908208841561,4.502212289507376,4.819534787543632,,1.4266486639693918,8769.493883538109,False,57.7254833849523,0.0,True,-733.3632332236283,0.0,,,True,False,True,False,False,False,False,False
OGLE-LMC-RRLYR-03269,9704.031217799004,2300.9695510944166,0.6726141976175453,-1.951980304327954,3116.991845447501,5.463433646380699,34.00515219096993,41.0,21.114574411180612,7408.239436300373,1467.6634361606882,0.1389027817549177,0.6014088115057956,6.98582505140787,0.1762397950445386,8942.615407491861,9643.795222188688,11433.940493692066,2143.1836942607097,2337.0801078474296,2686.386363031691,0.640020960639638,0.6862423251005417,0.7223518435229398,0.1271628407030544,0.1446801384726536,0.1640450420759765,6.670543759300013,7.088922416932043,7.654193788687191,,1.4971070755371234,12010.742354181482,True,84.33638705610593,0.306388895136422,True,-949.2296064387122,0.0,-968.8155985332362,0.0,True,False,True,False,False,False,True,False
OGLE-LMC-RRLYR-09245,7161.557822785918,3463.075149831428,0.1312432441745456,2.9859679175214535,595.7975740622841,47.638858047114624,50.80389206407539,38.0,-4.110138302492004,7131.634272404146,3484.707253347133,0.8694676753401045,1.6751358644576688,10.634428245808952,1.701387787396951,7071.866953162324,7174.681893227463,7271.590537618211,3363.5584806593406,3479.8290276517628,3591.202055719147,0.0959986663048206,0.1772161748728966,0.2493111401274576,0.7939691319184579,0.8967629756370921,0.9464175324687972,10.361138910729892,10.796559476616938,11.113714810231992,,1.1673620111557896,12034.884726474913,True,104.51681670489296,0.0,True,-1447.2277315997296,0.0,,,True,False,True,False,False,False,False,False
OGLE-LMC-RRLYR-05057,3951.30938777765,1427.7842196890383,0.2002091976056712,5.698544259873019,1685.9597351130628,10.018814453710842,16.709086190591805,22.0,0.5081868301643269,3948.6297874322136,1363.122716445141,0.2001651004141453,0.7224141509499433,8.04065988643802,0.7156296038364888,3933.4707167068545,3955.7069207496634,3980.488922981371,1376.8759074322554,1433.0914939053214,1487.9519752203148,0.1588216321230824,0.209189172664111,0.2583289580779981,0.179722703671313,0.2023447853612552,0.2260645332067818,7.736709698923468,8.12017175618137,8.383191718951494,,1.959463504522303,8839.930433475609,False,68.10017694299498,3.20390283940975,True,-20463.508644161047,0.0,,,True,True,True,False,False,False,False,False
OGLE-LMC-RRLYR-21279,7140.102632599249,385.9544186887567,0.2967390788726978,0.2921609352133965,4962.585490723075,35.71195266696082,38.134234701055,38.0,-4.852890285358598,7197.228498798464,373.84002017519185,0.0012108262892042,0.0869608027474532,1.2340531067182847,1.2754268809628864,6897.6917057516175,7182.078014673396,7487.26578805596,365.1198877181176,414.89048685052626,509.1449143960584,0.244204928144898,0.4571869065385646,0.6822958323952987,0.0009537707342935,0.0015230629263587,0.0028427388103784,1.1372852025354685,1.418916309139819,2.0803281723501983,,1.9738524014251349,12011.690105888705,True,57.44418107813601,29.95824413772914,True,-21359.26066360733,0.0,,,True,False,False,False,False,False,False,False
OGLE-LMC-RRLYR-16069,6073.589367995167,1968.0641395915457,0.2088006476194631,0.4737973174379752,5246.609720207606,28.22926498879808,36.85280889611596,27.0,2.0318701753092228,6188.864204494331,1926.362918034073,0.2218756231557694,0.761921506349836,7.223710740158902,1.4857507888841095,5921.905638238142,6087.64844532668,6225.1611400254415,1891.4614513589297,1984.034398631978,2076.508505745383,0.1344325092550553,0.1966253846172957,0.3065212025750638,0.1923496296159406,0.2276777861813118,0.2632671465986011,6.805173375081696,7.275199413306172,7.837308657436719,,0.5423310193588733,10507.482929517064,False,75.37408527765507,0.0,True,-41886.05674640287,0.0,,,True,False,True,False,False,False,False,False
OGLE-LMC-RRLYR-10826,4649.009594344172,2274.782959747419,0.314219907255533,1.6889129256952524,1901.486028774611,19.06912864236172,26.71148781056361,27.0,1.050685436193234,4695.584768861454,2321.3308801850294,0.5847654597920069,1.309419774361062,11.236728689707306,1.0036383495979857,4599.068238671254,4651.994998738791,4712.141158934827,2192.6834499955557,2303.329634699402,2433.204511133444,0.2034337347321885,0.3095955189631114,0.4444040968982736,0.5172945745261183,0.6067658800021689,0.7143455570080119,10.570905068502157,11.432859087927392,12.488507530365151,,1.287870773096575,10496.23330624447,False,56.513394177719675,0.0,True,-108115.8240259515,0.0,,,True,True,True,False,False,False,False,False
OGLE-LMC-RRLYR-19049,5885.963074160815,1899.6453241513136,0.3029165854881067,0.4524635410728317,1657.899803157171,30.038996290932985,33.80823276577108,38.0,-3.505935844614683,5865.669558598069,1801.667651674272,0.2124541411762143,0.7449509853523177,7.383140574407688,1.0728212961047494,5775.140293972282,5885.064652637728,5996.153771540412,1764.6412464052216,1909.8495493505247,2121.9622884131395,0.1434459121198753,0.3061937781847312,0.475086842252678,0.1734427309378848,0.2180390351926576,0.2916869637532302,6.7736674133225785,7.541148698182926,8.701337661429575,,1.5421971225621387,12003.30536969958,True,69.18992004509533,2.6551634481171504,True,-3086503.8353570397,0.0,,,True,True,True,False,False,False,False,False
OGLE-LMC-RRLYR-24071,525147.2931831244,101528.08239318362,0.95,-1.6362920266219738,6747.129892329414,13.968487189173198,23.56022129500312,21.0,3.5026892303830763,5342.588326127062,1832.3277588493888,4.074543758992804,5.1646835988842525,13.4986262636976,1.0744990145517843,451174.6993523832,524474.7226857741,597522.9096780891,81068.35541878254,102007.12298879752,126358.37926092386,0.95,0.95,0.95,3.1340990799160497,4.210195982995582,6.032611242466621,12.820381978944894,13.667952112775636,14.725231624290096,,0.9637525839596967,8795.20304582654,False,66.63144240872109,0.0,True,-3311969.8651009537,0.0,,,False,False,True,False,False,False,False,False
OGLE-LMC-RRLYR-04400,4710.102046370525,728.3660531698506,0.2966700277030161,0.3819652511695541,388.8768261174531,19.62617415425119,31.827332487193143,28.0,5.536749312591546,4642.369356267748,718.7325250292299,0.0187012723507458,0.2468526418884606,3.5303024179067424,1.0903430085695105,4613.191744067243,4712.919575783444,4849.3472058692705,711.8400123142372,738.6803604858203,765.0447458304862,0.244079563651025,0.3008848098580309,0.3684306571503765,0.016999068615945,0.0194796859836193,0.0221886468140862,3.4111700722454703,3.5800535663050503,3.7872099658951734,,1.3117612700195238,8042.988971847662,True,83.88583155786486,0.11165324568870005,False,,,,,True,False,True,False,False,False,False,False
OGLE-LMC-RRLYR-15201,2967.668646069965,398.2335423743628,0.1915672343836267,-0.0734945933331263,817.045365457158,32.67300420008137,36.697732090851275,29.0,-2.7098637692030394,2908.901010331583,387.5673958766755,0.0076995508665148,0.1734836037475444,2.980766987087834,1.7196318000042827,2889.5270370777384,2946.259941848793,3037.839260718798,378.0375447879317,398.2293174620861,423.7207193103018,0.1200778923009116,0.2237037983822189,0.3068234807176834,0.0068133259817406,0.0079762688529278,0.0091236257956039,2.8536396719388213,3.0467306054981087,3.243891359567269,,0.898452180328246,7160.704836726287,True,79.83883161148367,0.0,False,,,,,True,True,True,False,False,False,False,False
